dt,main_aqi,co,no,no2,o3,so2,pm2_5,pm10,nh3
2024-01-01 05:00:00,2,270.37,0,3.04,68.66,0.69,0.5,0.78,1.01
2024-01-01 06:00:00,2,263.69,0,2.23,70.81,0.6,0.5,0.71,0.85
2024-01-01 07:00:00,2,257.02,0,1.74,70.81,0.53,0.5,0.67,0.78
2024-01-01 08:00:00,2,250.34,0,1.48,70.81,0.48,0.5,0.67,0.82
2024-01-01 09:00:00,2,247,0,1.33,71.53,0.45,0.5,0.67,0.85
2024-01-01 10:00:00,2,243.66,0,1.27,70.81,0.44,0.5,0.68,0.89
2024-01-01 11:00:00,2,243.66,0,1.44,69.38,0.51,0.5,0.7,0.93
2024-01-01 12:00:00,2,250.34,0,2.23,66.52,0.78,0.5,0.79,1.03
2024-01-01 13:00:00,2,257.02,0,3.26,63.66,1,0.5,0.88,1.14
2024-01-01 14:00:00,2,263.69,0.01,3.9,61.51,1.13,0.5,0.95,1.19
2024-01-01 15:00:00,2,263.69,0.1,4.07,60.8,1.25,0.5,0.99,1.2
2024-01-01 16:00:00,2,263.69,0.26,3.77,61.51,1.31,0.5,1,1.14
2024-01-01 17:00:00,2,260.35,0.42,3.56,62.23,1.46,0.5,1,1.12
2024-01-01 18:00:00,2,263.69,0.46,3.34,62.94,1.52,0.5,0.99,1.16
2024-01-01 19:00:00,2,260.35,0.37,2.91,65.09,1.33,0.5,1.1,1.09
2024-01-01 20:00:00,2,257.02,0.25,3,66.52,1.3,0.5,1.19,1.03
2024-01-01 21:00:00,2,263.69,0.15,3.64,65.8,1.43,0.5,1.17,1.01
2024-01-01 22:00:00,2,270.37,0.02,4.41,67.23,1.45,0.5,1.09,1.04
2024-01-01 23:00:00,2,273.7,0,4.63,70.1,1.48,0.5,1.04,1.06
2024-01-02 00:00:00,2,273.7,0,4.46,70.81,1.64,0.5,1.06,1.03
2024-01-02 01:00:00,2,270.37,0,4.24,68.66,1.79,0.5,1.09,0.99
2024-01-02 02:00:00,2,270.37,0,4.24,66.52,2,0.5,1.19,1.01
2024-01-02 03:00:00,2,273.7,0,4.58,65.8,2.26,0.51,1.45,1.14
2024-01-02 04:00:00,2,277.04,0,5.31,65.09,2.62,0.69,2.11,1.35
2024-01-02 05:00:00,2,280.38,0,5.74,64.37,2.86,0.86,2.78,1.46
2024-01-02 06:00:00,2,283.72,0,6.85,61.51,3.31,1.05,3.34,1.54
2024-01-02 07:00:00,2,283.72,0,9.34,60.08,4.23,1.37,3.82,1.65
2024-01-02 08:00:00,1,283.72,0,11.82,58.65,5.6,1.87,4.11,1.84
2024-01-02 09:00:00,1,277.04,0,13.37,57.94,6.91,2.37,4.28,2.06
2024-01-02 10:00:00,1,277.04,0,14.05,58.65,7.87,2.62,4.4,2.31
2024-01-02 11:00:00,1,280.38,0,15.08,57.94,8.82,2.81,4.59,2.44
2024-01-02 12:00:00,1,293.73,0,17.48,53.64,9.89,3.23,5.16,2.66
2024-01-02 13:00:00,1,313.76,0.01,20.56,47.21,10.85,3.36,5.64,2.91
2024-01-02 14:00:00,1,333.79,0.61,23.99,41.84,11.56,3.44,6.19,3.2
2024-01-02 15:00:00,1,353.81,4.08,24.68,42.92,12.52,3.95,7.16,3.42
2024-01-02 16:00:00,1,350.48,5.64,21.76,47.21,12.52,4.49,7.56,3.07
2024-01-02 17:00:00,1,340.46,5.81,19.71,51.5,12.87,4.93,7.81,2.72
2024-01-02 18:00:00,1,323.77,4.97,18.68,55.07,11.92,4.86,7.46,2.28
2024-01-02 19:00:00,1,313.76,4.25,18.34,57.94,11.92,4.84,7.32,2.15
2024-01-02 20:00:00,1,317.1,3.46,19.36,55.79,11.44,4.95,7.42,2.12
2024-01-02 21:00:00,1,317.1,1.84,20.56,52.93,9.89,4.6,6.98,1.99
2024-01-02 22:00:00,1,320.43,0.19,22.62,49.35,9.18,5.06,7.43,1.84
2024-01-02 23:00:00,1,340.46,0,25.36,44.7,10.97,6.99,9.6,1.98
2024-01-03 00:00:00,1,353.81,0.01,29.13,42.2,12.64,8.38,11.3,2.09
2024-01-03 01:00:00,1,363.83,0.01,31.19,41.13,14.19,8.28,11.43,2.25
2024-01-03 02:00:00,1,370.5,0.01,33.59,38.27,16.21,8.22,11.79,2.69
2024-01-03 03:00:00,1,377.18,0.01,35.99,34.69,17.64,8.51,12.44,3.07
2024-01-03 04:00:00,1,377.18,0.01,35.99,32.54,18.12,8.94,13,3.2
2024-01-03 05:00:00,1,367.16,0.01,33.93,32.19,17.64,9.32,13.16,3.07
2024-01-03 06:00:00,2,353.81,0,30.5,33.26,16.69,10.09,13.42,2.79
2024-01-03 07:00:00,2,337.12,0,27.08,35.05,15.97,11.03,13.9,2.37
2024-01-03 08:00:00,2,330.45,0,24.68,36.48,15.02,11.95,14.53,2.03
2024-01-03 09:00:00,2,327.11,0,23.31,36.84,13.83,12.49,14.93,1.69
2024-01-03 10:00:00,2,327.11,0,22.96,36.48,12.87,12.75,15.12,1.55
2024-01-03 11:00:00,2,330.45,0,23.99,34.33,12.76,13.14,15.57,1.52
2024-01-03 12:00:00,2,343.8,0.01,26.73,30.76,13.59,13.77,16.42,1.63
2024-01-03 13:00:00,2,370.5,0.04,31.87,25.39,14.66,14.51,17.63,1.92
2024-01-03 14:00:00,2,403.88,0.27,38.04,19.31,14.07,15.09,18.65,1.8
2024-01-03 15:00:00,2,433.92,2.12,41.47,16.63,11.32,15.29,19.13,1.17
2024-01-03 16:00:00,2,453.95,6.03,41.13,16.09,11.09,15.92,20.11,1.16
2024-01-03 17:00:00,2,473.98,9.28,40.44,15.56,12.4,16.73,21.33,1.36
2024-01-03 18:00:00,2,460.62,9.83,39.07,16.99,13.71,16.46,21.25,1.68
2024-01-03 19:00:00,2,407.22,3.97,35.64,22.17,11.92,13.07,16.93,1.63
2024-01-03 20:00:00,2,367.16,1.06,29.13,29.68,8.94,10.01,12.8,1.31
2024-01-03 21:00:00,1,353.81,0.27,25.36,32.9,7.45,8.83,11.07,1.06
2024-01-03 22:00:00,1,353.81,0.04,24.68,32.54,6.68,8.62,10.76,0.91
2024-01-03 23:00:00,1,373.84,0.03,27.08,29.33,6.38,8.72,11.15,0.89
2024-01-04 00:00:00,1,400.54,0.05,33.24,25.39,8.94,8.9,12.16,1.74
2024-01-04 01:00:00,1,427.25,0.06,39.07,22.53,10.97,8.86,13.17,2.47
2024-01-04 02:00:00,2,447.27,0.05,41.81,21.1,11.32,8.75,14.11,2.72
2024-01-04 03:00:00,1,407.22,0.02,30.5,30.4,7.99,7.25,12.08,2.31
2024-01-04 04:00:00,1,330.45,0,14.05,46.49,4.23,4.86,7.83,1.58
2024-01-04 05:00:00,1,287.06,0,6.34,53.64,2.06,2.79,4.11,1.04
2024-01-04 06:00:00,1,270.37,0,3.68,52.21,1.06,1.39,1.91,0.75
2024-01-04 07:00:00,1,263.69,0,2.59,47.21,0.65,0.5,0.75,0.59
2024-01-04 08:00:00,1,260.35,0,2.14,45.42,0.48,0.5,0.66,0.5
2024-01-04 09:00:00,1,260.35,0,1.74,51.5,0.41,0.5,0.62,0.44
2024-01-04 10:00:00,2,253.68,0,1.39,60.8,0.38,0.5,0.6,0.4
2024-01-04 11:00:00,2,247,0,1.23,68.66,0.39,0.5,0.61,0.41
2024-01-04 12:00:00,2,247,0,1.48,72.96,0.51,0.5,0.65,0.47
2024-01-04 13:00:00,2,250.34,0,1.84,75.82,0.57,0.5,0.69,0.52
2024-01-04 14:00:00,2,250.34,0.03,1.97,78.68,0.58,0.5,0.71,0.54
2024-01-04 15:00:00,2,250.34,0.17,1.76,80.11,0.57,0.5,0.73,0.53
2024-01-04 16:00:00,2,250.34,0.29,1.52,80.82,0.57,0.5,0.74,0.53
2024-01-04 17:00:00,2,250.34,0.35,1.37,81.54,0.55,0.5,0.75,0.52
2024-01-04 18:00:00,2,250.34,0.35,1.32,81.54,0.52,0.5,0.75,0.51
2024-01-04 19:00:00,2,250.34,0.32,1.37,82.25,0.56,0.5,0.74,0.48
2024-01-04 20:00:00,2,253.68,0.3,1.82,82.25,0.72,0.5,0.77,0.55
2024-01-04 21:00:00,2,257.02,0.19,2.48,80.82,0.89,0.5,0.81,0.65
2024-01-04 22:00:00,2,257.02,0.02,2.96,78.68,0.95,0.5,0.83,0.72
2024-01-04 23:00:00,2,260.35,0,3.13,77.96,1.01,0.5,0.83,0.71
2024-01-05 00:00:00,2,260.35,0,3.3,77.25,1.28,0.5,0.86,0.71
2024-01-05 01:00:00,2,260.35,0,3.6,75.82,1.67,0.5,0.92,0.75
2024-01-05 02:00:00,2,263.69,0,4.24,75.1,2.12,0.5,1.12,0.95
2024-01-05 03:00:00,2,273.7,0,5.31,75.1,2.71,0.57,1.73,1.27
2024-01-05 04:00:00,2,283.72,0,6.51,72.96,3.43,0.78,2.77,1.47
2024-01-05 05:00:00,2,290.39,0,9.68,68.66,4.65,1.12,3.7,1.63
2024-01-05 06:00:00,2,300.41,0,15.77,62.94,7.03,1.82,4.76,1.98
2024-01-05 07:00:00,2,293.73,0,16.28,62.94,7.57,2,4.44,1.98
2024-01-05 08:00:00,2,273.7,0,12.85,66.52,6.62,1.65,3.33,1.76
2024-01-05 09:00:00,2,263.69,0,10.97,69.38,6.08,1.54,2.87,1.63
2024-01-05 10:00:00,2,260.35,0,9.68,71.53,5.54,1.5,2.63,1.52
2024-01-05 11:00:00,2,257.02,0,8.05,72.96,4.65,1.36,2.38,1.38
2024-01-05 12:00:00,2,263.69,0,8.48,72.24,4.71,1.52,2.6,1.38
2024-01-05 13:00:00,2,280.38,0,10.97,70.1,5.54,2,3.37,1.55
2024-01-05 14:00:00,2,297.07,0.07,14.57,67.23,6.74,2.48,4.31,1.88
2024-01-05 15:00:00,2,313.76,0.67,18.16,66.52,7.75,2.79,5.05,2.22
2024-01-05 16:00:00,2,317.1,1.9,18.16,66.52,8.11,2.82,5.28,2.37
2024-01-05 17:00:00,2,310.42,2.79,15.25,69.38,7.75,2.75,5.12,2.25
2024-01-05 18:00:00,2,300.41,2.68,12.17,73.67,6.44,2.47,4.57,1.95
2024-01-05 19:00:00,2,287.06,1.93,10.11,77.96,5.07,2.02,3.92,1.71
2024-01-05 20:00:00,2,283.72,1.03,10.37,79.39,4.35,1.69,3.58,1.68
2024-01-05 21:00:00,2,287.06,0.32,11.65,77.25,4.29,1.56,3.54,1.77
2024-01-05 22:00:00,2,297.07,0.03,12.85,72.96,4.53,1.65,3.84,1.98
2024-01-05 23:00:00,2,317.1,0,15.42,65.8,5.42,2.17,4.83,2.28
2024-01-06 00:00:00,1,343.8,0,20.39,56.51,7.45,3.34,6.64,2.63
2024-01-06 01:00:00,1,367.16,0,26.05,47.92,9.54,4.55,8.41,2.98
2024-01-06 02:00:00,1,383.85,0.01,29.47,42.56,10.61,5.33,9.67,3.2
2024-01-06 03:00:00,1,393.87,0.01,32.56,37.91,11.56,5.97,10.8,3.39
2024-01-06 04:00:00,1,413.89,0.03,36.33,32.9,12.04,6.77,11.72,3.77
2024-01-06 05:00:00,1,433.92,0.03,39.07,27.54,11.56,7.7,12.73,4.31
2024-01-06 06:00:00,2,447.27,0.03,41.13,23.25,10.97,8.7,13.95,4.75
2024-01-06 07:00:00,2,453.95,0.03,42.84,19.85,10.73,9.67,15.26,5.19
2024-01-06 08:00:00,2,460.62,0.04,43.87,17.17,10.73,10.62,16.42,5.51
2024-01-06 09:00:00,2,460.62,0.04,43.87,15.74,10.61,11.56,17.42,5.7
2024-01-06 10:00:00,2,447.27,0.03,40.44,16.45,9.42,12.2,17.85,5.45
2024-01-06 11:00:00,2,423.91,0.02,33.24,19.85,7.21,12.47,17.28,4.56
2024-01-06 12:00:00,2,393.87,0.02,24.33,26.11,5.48,12.13,15.8,3.51
2024-01-06 13:00:00,1,330.45,0,10.97,45.78,3.28,9,10.76,1.46
2024-01-06 14:00:00,1,310.42,0.01,7.45,52.21,2.35,7.16,8.21,1.09
2024-01-06 15:00:00,1,303.75,0.07,6.43,56.51,2,6.29,7.13,1.04
2024-01-06 16:00:00,2,290.39,0.13,5.4,62.94,1.56,4.31,4.81,0.81
2024-01-06 17:00:00,2,280.38,0.19,4.58,67.23,1.24,2.48,2.78,0.69
2024-01-06 18:00:00,2,273.7,0.21,4.46,67.23,1.15,1.65,1.9,0.68
2024-01-06 19:00:00,2,273.7,0.23,5.01,66.52,1.28,1.52,1.8,0.75
2024-01-06 20:00:00,2,273.7,0.15,5.57,65.8,1.4,1.51,1.83,0.82
2024-01-06 21:00:00,2,273.7,0.06,5.57,66.52,1.36,1.36,1.71,0.86
2024-01-06 22:00:00,2,270.37,0.01,5.18,66.52,1.16,1.09,1.44,0.93
2024-01-06 23:00:00,2,273.7,0,4.93,66.52,1.03,0.95,1.27,0.97
2024-01-07 00:00:00,2,273.7,0,5.06,65.09,1.12,0.98,1.29,0.95
2024-01-07 01:00:00,2,277.04,0,5.57,63.66,1.52,1.31,1.56,0.76
2024-01-07 02:00:00,2,280.38,0,6.17,61.51,1.65,1.64,1.82,0.56
2024-01-07 03:00:00,2,280.38,0,6,60.8,1.36,1.61,1.75,0.44
2024-01-07 04:00:00,2,280.38,0,5.31,61.51,0.98,1.42,1.55,0.38
2024-01-07 05:00:00,2,280.38,0,4.8,61.51,0.78,1.38,1.48,0.38
2024-01-07 06:00:00,2,280.38,0,4.54,60.8,0.69,1.43,1.53,0.38
2024-01-07 07:00:00,2,280.38,0,4.37,60.08,0.63,1.49,1.6,0.39
2024-01-07 08:00:00,2,280.38,0,4.16,60.08,0.55,1.5,1.6,0.42
2024-01-07 09:00:00,2,280.38,0,3.86,60.8,0.48,1.51,1.61,0.43
2024-01-07 10:00:00,2,280.38,0,3.64,61.51,0.44,1.53,1.62,0.43
2024-01-07 11:00:00,2,277.04,0,3.6,61.51,0.45,1.58,1.68,0.43
2024-01-07 12:00:00,2,280.38,0,4.07,60.08,0.59,1.71,1.85,0.48
2024-01-07 13:00:00,1,283.72,0,4.8,57.94,0.71,1.88,2.08,0.57
2024-01-07 14:00:00,1,287.06,0.01,5.44,55.79,0.82,2.1,2.34,0.66
2024-01-07 15:00:00,1,290.39,0.12,6,54.36,0.97,2.33,2.61,0.78
2024-01-07 16:00:00,1,293.73,0.73,5.83,54.36,1.19,2.54,2.87,0.96
2024-01-07 17:00:00,1,293.73,1.08,5.65,53.64,1.34,2.69,3.06,1.11
2024-01-07 18:00:00,1,293.73,1.13,5.48,53.64,1.25,2.72,3.1,1.08
2024-01-07 19:00:00,2,283.72,0.74,4.5,60.08,0.83,2.2,2.51,0.7
2024-01-07 20:00:00,2,280.38,0.47,4.46,61.51,0.77,2.02,2.33,0.55
2024-01-07 21:00:00,2,283.72,0.22,5.23,60.08,0.97,2.16,2.49,0.6
2024-01-07 22:00:00,1,287.06,0.03,5.83,59.37,1.04,2.08,2.42,0.67
2024-01-07 23:00:00,1,287.06,0,6.08,58.65,1.18,1.81,2.16,0.78
2024-01-08 00:00:00,1,287.06,0,5.74,58.65,1.28,1.49,1.85,0.8
2024-01-08 01:00:00,1,283.72,0,5.23,58.65,1.33,1.37,1.76,0.78
2024-01-08 02:00:00,1,283.72,0,4.84,58.65,1.36,1.34,1.75,0.76
2024-01-08 03:00:00,1,280.38,0,4.5,59.37,1.39,1.28,1.72,0.75
2024-01-08 04:00:00,2,283.72,0,4.5,60.08,1.49,1.26,1.78,0.85
2024-01-08 05:00:00,1,283.72,0,4.63,58.65,1.52,1.36,2.02,1.03
2024-01-08 06:00:00,1,287.06,0,4.93,57.22,1.64,1.6,2.36,1.23
2024-01-08 07:00:00,1,290.39,0,5.57,54.36,1.94,2.08,3.01,1.52
2024-01-08 08:00:00,1,300.41,0,6.6,50.07,2.24,2.7,3.92,1.87
2024-01-08 09:00:00,1,307.08,0,7.63,47.21,2.62,3.18,4.7,2.12
2024-01-08 10:00:00,1,310.42,0,7.88,47.21,2.8,3.27,4.93,2.09
2024-01-08 11:00:00,1,307.08,0,7.54,48.64,2.8,3.03,4.56,1.88
2024-01-08 12:00:00,1,310.42,0,8.14,49.35,3.16,2.77,4.26,1.85
2024-01-08 13:00:00,1,320.43,0.01,9.08,49.35,3.4,2.5,4.11,1.93
2024-01-08 14:00:00,1,323.77,0.16,9.17,47.92,3.25,2.2,3.85,1.95
2024-01-08 15:00:00,1,317.1,0.87,7.03,47.92,2.44,1.59,2.99,1.35
2024-01-08 16:00:00,1,290.39,0.66,3.34,52.21,1.16,0.5,1.12,0.57
2024-01-08 17:00:00,1,283.72,0.5,2.72,56.51,0.97,0.5,0.93,0.47
2024-01-08 18:00:00,1,280.38,0.34,2.78,58.65,0.93,0.5,0.9,0.46
2024-01-08 19:00:00,1,283.72,0.3,3.64,57.22,1.22,0.5,1.03,0.61
2024-01-08 20:00:00,1,300.41,0.31,5.74,52.93,1.74,0.5,1.45,0.97
2024-01-08 21:00:00,1,317.1,0.18,8.31,46.49,2.24,0.68,2.15,1.25
2024-01-08 22:00:00,1,370.5,0.07,14.74,36.48,3.04,1.14,3.19,1.84
2024-01-08 23:00:00,1,453.95,0.15,23.99,23.96,4.71,1.93,4.54,3.01
2024-01-09 00:00:00,1,520.71,0.42,31.53,14.66,7.21,2.76,5.88,4.56
2024-01-10 01:00:00,1,307.08,0,10.88,57.94,0.37,1.74,1.81,0.08
2024-01-10 02:00:00,2,293.73,0,8.91,60.8,0.45,1.28,1.38,0.09
2024-01-10 03:00:00,2,273.7,0,6.51,65.09,0.56,0.88,1,0.11
2024-01-10 04:00:00,2,260.35,0,4.88,70.1,0.76,0.67,0.81,0.11
2024-01-10 05:00:00,2,250.34,0,4.2,72.96,0.88,0.55,0.7,0.11
2024-01-10 06:00:00,2,250.34,0,4.67,70.1,0.86,0.56,0.76,0.11
2024-01-10 07:00:00,2,260.35,0,7.03,60.08,1.56,0.97,1.28,0.12
2024-01-10 08:00:00,1,267.03,0,7.63,52.93,1.8,1.1,1.48,0.17
2024-01-10 09:00:00,1,263.69,0,6.94,50.07,1.73,0.87,1.27,0.2
2024-01-10 10:00:00,1,260.35,0,6.68,50.07,1.85,0.72,1.14,0.25
2024-01-10 11:00:00,1,260.35,0,6.77,50.07,2,0.59,1.06,0.27
2024-01-10 12:00:00,1,270.37,0,7.63,47.92,2.24,0.54,1.15,0.31
2024-01-10 13:00:00,1,283.72,0,9.25,45.06,2.47,0.57,1.28,0.33
2024-01-10 14:00:00,1,303.75,0.06,12.17,40.41,2.74,0.68,1.4,0.35
2024-01-10 15:00:00,1,327.11,0.57,15.59,35.05,3.52,0.95,1.74,0.41
2024-01-10 16:00:00,1,340.46,1.01,17.31,32.19,3.99,1.16,2.03,0.48
2024-01-10 17:00:00,1,323.77,0.92,15.94,36.84,4.17,1.19,2.16,0.54
2024-01-10 18:00:00,1,293.73,0.5,10.11,45.06,2.59,0.71,1.55,0.44
2024-01-10 19:00:00,1,267.03,0.19,4.76,51.5,1.19,0.5,1.19,0.36
2024-01-10 20:00:00,1,257.02,0.09,3.47,54.36,0.98,0.5,1.12,0.38
2024-01-10 21:00:00,1,253.68,0.03,3.13,56.51,0.98,0.5,1.02,0.46
2024-01-10 22:00:00,1,253.68,0.01,3,57.94,0.89,0.5,0.93,0.48
2024-01-10 23:00:00,1,257.02,0,3.21,59.37,0.95,0.5,0.95,0.51
2024-01-11 00:00:00,2,260.35,0,3.51,61.51,1.13,0.5,1.04,0.55
2024-01-11 01:00:00,2,263.69,0,3.64,62.23,1.31,0.5,1.14,0.59
2024-01-11 02:00:00,2,263.69,0,3.68,62.94,1.42,0.5,1.21,0.62
2024-01-11 03:00:00,2,263.69,0,3.64,63.66,1.49,0.5,1.24,0.64
2024-01-11 04:00:00,2,263.69,0,3.64,65.09,1.53,0.5,1.28,0.68
2024-01-11 05:00:00,2,263.69,0,3.38,65.8,1.42,0.5,1.3,0.7
2024-01-11 06:00:00,2,260.35,0,3.21,65.8,1.37,0.5,1.25,0.74
2024-01-11 07:00:00,2,263.69,0,3.43,64.37,1.52,0.5,1.32,0.87
2024-01-11 08:00:00,2,267.03,0,4.24,61.51,1.88,0.5,1.58,1.12
2024-01-11 09:00:00,1,270.37,0,5.31,57.94,2.32,0.65,2.02,1.38
2024-01-11 10:00:00,1,273.7,0,6.68,55.07,2.92,0.94,2.64,1.6
2024-01-11 11:00:00,1,277.04,0,8.31,52.21,3.64,1.27,3.24,1.76
2024-01-11 12:00:00,1,290.39,0,10.88,51.5,4.77,1.65,3.8,1.88
2024-01-11 13:00:00,1,303.75,0,12.68,52.21,5.3,1.88,3.59,1.69
2024-01-11 14:00:00,1,313.76,0.04,14.05,53.64,5.42,2,3.29,1.44
2024-01-11 15:00:00,1,317.1,0.34,15.25,54.36,5.6,2.03,3.17,1.2
2024-01-11 16:00:00,1,320.43,0.78,16.45,52.93,5.72,2.21,3.25,0.93
2024-01-11 17:00:00,1,320.43,1.09,16.45,53.64,5.3,2.54,3.42,0.73
2024-01-11 18:00:00,1,313.76,1.06,14.91,56.51,4.11,2.34,3.05,0.49
2024-01-11 19:00:00,1,313.76,0.99,14.74,57.22,3.61,2.05,2.75,0.44
2024-01-11 20:00:00,1,327.11,0.82,17.48,53.64,3.87,2.12,3,0.51
2024-01-11 21:00:00,1,343.8,0.46,21.93,49.35,4.35,2.36,3.42,0.59
2024-01-11 22:00:00,1,380.52,0.11,28.79,41.13,5.13,3.14,4.53,0.92
2024-01-11 23:00:00,1,447.27,0.06,39.76,28.61,7.51,4.87,7.24,1.93
2024-01-12 00:00:00,2,507.35,0.22,53.47,16.45,10.01,7.28,11.31,2.85
2024-01-12 01:00:00,2,534.06,0.39,60.32,10.64,11.32,8.88,14.42,3.39
2024-01-12 02:00:00,2,507.35,0.2,52.09,14.31,9.89,8.18,13.96,3.26
2024-01-12 03:00:00,1,440.6,0.03,31.53,28.97,6.14,5.48,9.74,2.5
2024-01-12 04:00:00,1,360.49,0,14.22,46.49,3.07,3.09,5.32,1.57
2024-01-12 05:00:00,1,327.11,0,8.4,50.78,2,2.46,3.7,1.25
2024-01-12 06:00:00,1,307.08,0,6.08,51.5,1.43,2.19,2.91,1.11
2024-01-12 07:00:00,1,290.39,0,4.88,52.21,1.16,1.81,2.32,1.16
2024-01-12 08:00:00,1,283.72,0,4.41,53.64,1.1,1.53,2,1.41
2024-01-12 09:00:00,1,277.04,0,4.11,55.07,1.1,1.33,1.8,1.66
2024-01-12 10:00:00,1,273.7,0,3.98,56.51,1.1,1.19,1.66,1.98
2024-01-12 11:00:00,1,273.7,0,4.37,55.79,1.19,1.14,1.68,2.41
2024-01-12 12:00:00,1,290.39,0.01,6.68,52.93,1.82,1.23,2,2.94
2024-01-12 13:00:00,1,317.1,0.01,9.85,48.64,2.26,1.33,2.37,3.48
2024-01-12 14:00:00,1,333.79,0.11,11.48,46.49,2.26,1.39,2.54,3.64
2024-01-12 15:00:00,1,340.46,0.81,11.31,47.21,2.18,1.46,2.61,3.55
2024-01-12 16:00:00,2,293.73,0.3,5.91,62.94,1.19,1.02,1.61,1.65
2024-01-12 17:00:00,1,300.41,0.48,5.27,56.51,1.03,1.5,2.01,1.3
2024-01-12 18:00:00,1,323.77,0.94,6.94,42.2,1.43,2.97,3.46,1.33
2024-01-12 19:00:00,1,303.75,0.57,7.03,46.49,1.65,2.38,2.79,1.04
2024-01-12 20:00:00,1,287.06,0.29,6.43,50.78,1.52,1.91,2.26,0.82
2024-01-12 21:00:00,1,283.72,0.11,6.17,51.5,1.31,1.89,2.22,0.76
2024-01-12 22:00:00,1,283.72,0.01,5.83,52.93,1.01,2.02,2.33,0.7
2024-01-12 23:00:00,1,280.38,0,5.27,57.94,0.86,1.78,2.07,0.63
2024-01-13 00:00:00,2,280.38,0,4.67,60.08,0.75,1.59,1.88,0.66
2024-01-13 01:00:00,1,280.38,0,4.63,58.65,0.66,1.43,1.62,0.46
2024-01-13 02:00:00,1,283.72,0,4.8,57.94,0.57,0.76,0.86,0.25
2024-01-13 03:00:00,2,287.06,0,4.76,61.51,0.54,0.63,0.7,0.11
2024-01-13 04:00:00,2,287.06,0,5.83,65.8,0.72,1.23,1.3,0.11
2024-01-13 05:00:00,2,300.41,0,8.91,63.66,0.78,2.36,2.42,0.1
2024-01-13 06:00:00,2,293.73,0,7.28,67.95,0.63,2.26,2.31,0.1
2024-01-13 07:00:00,2,287.06,0,5.44,70.1,0.63,2.07,2.13,0.09
2024-01-13 08:00:00,2,283.72,0,4.8,70.1,0.71,2.04,2.1,0.1
2024-01-13 09:00:00,2,280.38,0,4.58,67.95,0.79,2,2.09,0.11
2024-01-13 10:00:00,2,280.38,0,4.58,66.52,0.89,2.06,2.16,0.12
2024-01-13 11:00:00,2,277.04,0,4.71,65.09,0.97,2.25,2.4,0.15
2024-01-13 12:00:00,2,280.38,0,5.83,63.66,1.25,1.83,2.16,0.21
2024-01-13 13:00:00,1,300.41,0,10.97,57.94,2.44,1.82,2.43,0.28
2024-01-13 14:00:00,1,320.43,0.04,15.25,44.7,3.16,1.65,2.45,0.37
2024-01-13 15:00:00,1,340.46,0.4,16.11,33.26,3.43,1.19,2,0.4
2024-01-13 16:00:00,1,333.79,0.8,12.68,35.05,2.68,1.36,1.96,0.39
2024-01-13 17:00:00,1,310.42,0.86,9.94,36.84,2.35,1.13,1.59,0.45
2024-01-13 18:00:00,1,290.39,0.87,9.08,37.55,2.21,0.83,1.22,0.42
2024-01-13 19:00:00,1,283.72,0.73,9.25,40.41,2.38,0.53,0.91,0.46
2024-01-13 20:00:00,1,283.72,0.52,10.97,45.06,3.19,0.61,1.02,0.57
2024-01-13 21:00:00,1,297.07,0.25,13.71,47.21,4.05,0.87,1.32,0.7
2024-01-13 22:00:00,1,303.75,0.05,13.88,48.64,3.55,1.1,1.61,0.76
2024-01-13 23:00:00,2,277.04,0,9.08,62.23,2.5,0.62,1.18,0.77
2024-01-14 00:00:00,2,263.69,0,7.54,67.95,2.32,0.5,1.09,0.74
2024-01-14 01:00:00,2,260.35,0,6.85,69.38,2.29,0.5,1.18,0.74
2024-01-14 02:00:00,2,253.68,0,5.83,71.53,2.06,0.5,1.2,0.7
2024-01-14 03:00:00,2,247,0,4.76,72.24,1.73,0.5,1.21,0.64
2024-01-14 04:00:00,2,243.66,0,4.03,74.39,1.42,0.5,1.07,0.55
2024-01-14 05:00:00,2,243.66,0,3.56,77.96,1.25,0.5,0.9,0.49
2024-01-14 06:00:00,2,240.33,0,3.13,80.11,1.21,0.5,0.79,0.47
2024-01-14 07:00:00,2,236.99,0,3.13,80.82,1.34,0.5,0.77,0.5
2024-01-14 08:00:00,2,236.99,0,3.3,80.82,1.49,0.5,0.77,0.53
2024-01-14 09:00:00,2,236.99,0,3.34,81.54,1.62,0.5,0.77,0.58
2024-01-14 10:00:00,2,240.33,0,3.6,82.25,1.97,0.5,0.8,0.66
2024-01-14 11:00:00,2,243.66,0,4.8,80.11,2.71,0.5,0.89,0.76
2024-01-14 12:00:00,2,257.02,0,7.2,73.67,3.67,0.79,1.33,0.85
2024-01-14 13:00:00,2,280.38,0,11.14,62.23,4.77,1.29,2.03,0.99
2024-01-14 14:00:00,1,300.41,0.13,15.25,51.5,5.96,1.63,2.6,1.23
2024-01-14 15:00:00,1,307.08,0.98,15.59,48.64,6.32,1.46,2.51,1.36
2024-01-14 16:00:00,1,300.41,2.18,12.85,49.35,6.02,1.16,2.19,1.41
2024-01-14 17:00:00,1,293.73,2.63,10.45,51.5,5.48,1.01,1.93,1.31
2024-01-14 18:00:00,1,287.06,2.63,9.17,55.07,4.95,0.94,1.78,1.22
2024-01-14 19:00:00,1,283.72,2.4,8.14,59.37,4.29,0.88,1.65,1.12
2024-01-14 20:00:00,2,277.04,1.37,8.31,63.66,3.78,0.77,1.43,1.01
2024-01-14 21:00:00,2,270.37,0.47,8.31,67.95,3.25,0.62,1.2,0.92
2024-01-14 22:00:00,2,267.03,0.06,7.45,71.53,2.56,0.5,1.01,0.81
2024-01-14 23:00:00,2,267.03,0,7.54,72.24,2.53,0.5,1.06,0.85
2024-01-15 00:00:00,2,270.37,0,8.14,70.1,2.86,0.55,1.23,0.98
2024-01-15 01:00:00,2,277.04,0,8.83,67.95,3.37,0.67,1.53,1.11
2024-01-15 02:00:00,2,280.38,0,10.11,63.66,4.05,0.84,1.91,1.27
2024-01-15 03:00:00,1,283.72,0,11.14,59.37,4.59,0.99,2.16,1.41
2024-01-15 04:00:00,1,287.06,0,12.17,54.36,5.01,1.17,2.38,1.54
2024-01-15 05:00:00,1,290.39,0,13.37,48.64,5.42,1.37,2.51,1.65
2024-01-15 06:00:00,1,293.73,0,14.05,44.35,5.84,1.62,2.65,1.77
2024-01-15 07:00:00,1,297.07,0.01,16.11,39.34,6.97,2.08,3.21,2.06
2024-01-15 08:00:00,1,303.75,0.01,18.68,35.41,8.23,2.61,3.9,2.37
2024-01-15 09:00:00,1,307.08,0.01,19.36,34.33,8.58,2.84,4.22,2.5
2024-01-15 10:00:00,1,307.08,0.01,19.54,34.69,8.7,2.98,4.4,2.6
2024-01-15 11:00:00,1,310.42,0.02,19.88,35.76,8.82,3.07,4.54,2.66
2024-01-15 12:00:00,1,320.43,0.03,21.93,35.41,10.01,3.34,5.03,2.88
2024-01-15 13:00:00,1,340.46,0.06,25.7,32.54,11.44,3.64,5.74,3.13
2024-01-15 14:00:00,1,357.15,1.4,27.76,31.83,12.4,3.79,6.27,3.29
2024-01-15 15:00:00,1,370.5,6.93,23.99,37.19,13.47,4.08,6.85,3.45
2024-01-15 16:00:00,1,367.16,10.06,19.19,42.92,13.47,4.21,7.01,3.32
2024-01-15 17:00:00,1,357.15,10.73,17.14,46.49,13.47,4.46,7.15,3.13
2024-01-15 18:00:00,1,353.81,10.62,16.62,49.35,13.59,4.9,7.5,3.04
2024-01-15 19:00:00,1,347.14,9.83,17.31,50.07,13.35,5.11,7.61,2.94
2024-01-15 20:00:00,1,340.46,7.49,17.82,51.5,12.28,4.66,7,2.72
2024-01-15 21:00:00,1,337.12,4.41,20.56,50.78,11.56,4.14,6.38,2.63
2024-01-15 22:00:00,1,347.14,1.01,26.73,45.42,11.56,3.99,6.29,2.88
2024-01-15 23:00:00,1,377.18,0.04,32.9,39.34,12.64,4.43,7.26,3.51
2024-01-16 00:00:00,2,420.57,0.09,41.81,31.47,15.02,5.43,9.28,4.43
2024-01-16 01:00:00,2,460.62,0.14,50.04,24.68,16.69,6.37,11.38,5.19
2024-01-16 02:00:00,2,473.98,0.14,52.78,22.17,17.17,6.7,12.48,5.38
2024-01-16 03:00:00,2,453.95,0.1,50.04,23.6,16.69,6.62,12.45,5.19
2024-01-16 04:00:00,2,433.92,0.08,45.24,26.11,15.5,6.41,11.78,4.94
2024-01-16 05:00:00,2,423.91,0.05,43.87,27.18,14.07,6.4,11.6,5
2024-01-16 06:00:00,2,407.22,0.03,40.78,30.4,12.87,6.23,10.96,4.88
2024-01-16 07:00:00,1,387.19,0.02,36.67,34.69,12.16,6.04,10.19,4.75
2024-01-16 08:00:00,1,383.85,0.02,36.67,32.9,12.87,6.53,10.57,4.94
2024-01-16 09:00:00,1,383.85,0.03,38.39,28.61,13.47,7.29,11.38,5.26
2024-01-16 10:00:00,1,380.52,0.04,37.36,26.11,12.4,7.5,11.22,5.26
2024-01-16 11:00:00,1,377.18,0.07,35.3,24.68,11.09,7.48,10.72,5.19
2024-01-16 12:00:00,1,403.88,0.24,37.01,21.46,11.8,7.67,10.91,5.51
2024-01-16 13:00:00,2,447.27,0.6,41.81,16.45,13.23,7.82,11.2,5.89
2024-01-16 14:00:00,2,473.98,1.84,44.55,14.66,14.42,7.88,11.55,5.95
2024-01-16 15:00:00,2,473.98,7.04,41.47,20.74,16.21,7.92,12.23,5.83
2024-01-16 16:00:00,1,467.3,13.52,36.67,30.4,17.64,7.98,12.7,5.45
2024-01-16 17:00:00,1,473.98,16.76,34.96,35.05,18.12,8.45,13.05,5.07
2024-01-16 18:00:00,1,453.95,15.65,31.53,38.27,16.21,8.43,12.5,4.24
2024-01-16 19:00:00,1,383.85,7.38,24.33,45.78,10.97,5.96,9.16,3.01
2024-01-16 20:00:00,1,340.46,2.93,18.68,52.93,7.39,4.05,6.53,2.41
2024-01-16 21:00:00,1,327.11,1.13,18.85,52.93,6.44,3.08,5.23,2.25
2024-01-16 22:00:00,1,330.45,0.22,20.56,50.07,6.32,2.58,4.62,2.28
2024-01-16 23:00:00,1,340.46,0.01,22.62,46.49,6.56,2.48,4.69,2.37
2024-01-17 00:00:00,1,353.81,0.02,25.02,43.63,7.27,2.7,5.11,2.56
2024-01-17 01:00:00,1,360.49,0.02,26.73,42.92,8.11,3.06,5.62,2.75
2024-01-17 02:00:00,1,363.83,0.01,27.08,43.99,8.94,3.41,6.09,2.82
2024-01-17 03:00:00,1,363.83,0.01,28.1,43.99,10.13,3.87,6.61,2.94
2024-01-17 04:00:00,1,367.16,0.01,29.47,41.84,11.68,4.28,6.99,3.2
2024-01-17 05:00:00,1,370.5,0.01,31.19,38.62,12.64,4.6,7.16,3.51
2024-01-17 06:00:00,1,367.16,0.01,29.82,38.98,12.04,4.46,6.65,3.58
2024-01-17 07:00:00,1,350.48,0.01,25.36,42.56,10.49,3.91,5.68,3.26
2024-01-17 08:00:00,1,337.12,0,21.76,45.78,9.18,3.43,4.88,2.82
2024-01-17 09:00:00,1,330.45,0,20.39,48.64,8.7,3.24,4.55,2.56
2024-01-17 10:00:00,1,320.43,0,19.19,52.93,9.06,3.22,4.49,2.44
2024-01-17 11:00:00,1,313.76,0,17.99,57.94,9.54,3.24,4.56,2.47
2024-01-17 12:00:00,2,317.1,0.01,18.16,60.08,10.25,3.26,4.74,2.6
2024-01-17 13:00:00,2,327.11,0.01,19.71,60.8,10.73,3.14,4.91,2.72
2024-01-17 14:00:00,2,340.46,0.69,21.59,60.08,11.09,3.09,5.15,2.88
2024-01-17 15:00:00,2,347.14,3.74,20.56,63.66,11.8,3.25,5.52,3.01
2024-01-17 16:00:00,2,343.8,5.81,16.96,67.95,11.8,3.4,5.67,2.91
2024-01-17 17:00:00,2,333.79,6.37,15.08,70.81,11.8,3.7,5.84,2.82
2024-01-17 18:00:00,2,327.11,6.26,14.22,72.24,11.8,4.02,6.05,2.72
2024-01-17 19:00:00,2,323.77,5.76,14.39,73.67,11.56,4.16,6.15,2.66
2024-01-17 20:00:00,2,320.43,4.69,15.25,72.96,10.97,4,5.9,2.63
2024-01-17 21:00:00,2,320.43,2.74,17.65,70.81,10.61,3.73,5.57,2.6
2024-01-17 22:00:00,2,323.77,0.47,21.08,67.23,10.49,3.71,5.59,2.66
2024-01-17 23:00:00,2,327.11,0,21.25,66.52,10.25,3.76,5.72,2.69
2024-01-18 00:00:00,2,330.45,0,21.08,66.52,10.73,4.02,6.12,2.72
2024-01-18 01:00:00,2,333.79,0,21.42,65.8,11.44,4.41,6.63,2.72
2024-01-18 02:00:00,2,337.12,0,21.93,65.09,12.16,4.74,7.07,2.72
2024-01-18 03:00:00,2,337.12,0,22.28,65.09,12.64,5.09,7.43,2.75
2024-01-18 04:00:00,2,333.79,0,21.59,65.09,12.76,5.38,7.63,2.69
2024-01-18 05:00:00,2,333.79,0,21.25,64.37,12.87,5.76,7.9,2.72
2024-01-18 06:00:00,2,330.45,0,19.88,64.37,12.52,6.02,7.91,2.69
2024-01-18 07:00:00,2,323.77,0,18.51,65.09,11.92,6.03,7.74,2.63
2024-01-18 08:00:00,2,320.43,0,17.65,65.09,11.56,5.77,7.31,2.56
2024-01-18 09:00:00,2,320.43,0,16.96,65.8,11.09,5.25,6.68,2.47
2024-01-18 10:00:00,2,320.43,0,16.62,65.8,10.61,4.88,6.26,2.41
2024-01-18 11:00:00,2,320.43,0,15.94,65.8,9.78,4.41,5.77,2.31
2024-01-18 12:00:00,2,330.45,0,16.96,65.09,9.78,4.34,5.85,2.37
2024-01-18 13:00:00,2,350.48,0,19.54,62.94,10.49,4.53,6.39,2.56
2024-01-18 14:00:00,2,370.5,0.21,23.31,60.08,11.44,4.89,7.25,2.82
2024-01-18 15:00:00,1,387.19,1.7,27.42,58.65,12.52,5.3,8.12,3.04
2024-01-18 16:00:00,2,393.87,3.16,27.42,60.08,11.68,5.14,7.68,2.69
2024-01-18 17:00:00,2,390.53,4.19,25.36,61.51,10.25,4.9,7.03,2.28
2024-01-18 18:00:00,2,383.85,4.19,22.96,62.94,8.7,4.63,6.62,1.98
2024-01-18 19:00:00,2,367.16,2.4,19.71,64.37,6.74,3.7,5.86,1.85
2024-01-18 20:00:00,2,343.8,1.16,14.57,67.95,4.83,2.47,4.78,1.82
2024-01-18 21:00:00,2,330.45,0.37,11.31,70.81,3.67,1.72,3.9,1.87
2024-01-18 22:00:00,2,347.14,0.08,11.82,67.95,3.46,1.54,3.41,2.31
2024-01-18 23:00:00,1,390.53,0.01,16.28,59.37,4.35,1.88,3.81,3.26
2024-01-19 00:00:00,1,427.25,0.02,20.91,52.21,5.78,2.45,4.84,4.12
2024-01-19 01:00:00,1,440.6,0.02,22.62,47.92,6.56,2.88,5.5,4.56
2024-01-19 02:00:00,1,433.92,0.02,21.76,47.21,6.38,3.05,5.56,4.56
2024-01-19 03:00:00,1,427.25,0.02,20.39,46.49,5.84,3.13,5.56,4.5
2024-01-19 04:00:00,1,420.57,0.02,19.02,46.49,4.95,3.23,5.48,4.5
2024-01-19 05:00:00,1,390.53,0.01,14.57,49.35,3.13,2.94,4.49,3.96
2024-01-19 06:00:00,1,350.48,0,9.25,54.36,1.74,2.38,3.29,3.1
2024-01-19 07:00:00,1,317.1,0,5.74,57.94,1.04,1.69,2.28,2.5
2024-01-19 08:00:00,1,300.41,0,4.5,57.22,0.82,1.26,1.66,2.28
2024-01-19 09:00:00,1,287.06,0,3.43,57.94,0.66,0.96,1.2,1.68
2024-01-19 10:00:00,2,273.7,0,2.44,60.8,0.72,0.98,1.12,0.94
2024-01-19 11:00:00,2,267.03,0,2.33,60.8,0.79,1.12,1.25,0.78
2024-01-19 12:00:00,2,267.03,0,2.72,60.8,0.86,1.01,1.2,0.82
2024-01-19 13:00:00,2,267.03,0.01,3.34,60.08,0.88,0.79,1.05,0.92
2024-01-19 14:00:00,2,270.37,0.06,3.81,60.08,0.94,0.61,0.92,1.01
2024-01-19 15:00:00,2,273.7,0.37,3.47,60.8,0.98,0.5,0.85,1.04
2024-01-19 16:00:00,2,273.7,0.68,3,60.8,1,0.5,0.86,1.06
2024-01-19 17:00:00,2,270.37,0.81,2.63,61.51,0.95,0.5,0.85,1.06
2024-01-19 18:00:00,2,270.37,0.86,2.61,60.8,0.92,0.5,0.84,1.11
2024-01-19 19:00:00,2,273.7,0.85,2.83,60.8,1.01,0.53,0.83,1.14
2024-01-19 20:00:00,2,273.7,0.64,3,60.8,1.01,0.52,0.79,1.08
2024-01-19 21:00:00,2,273.7,0.32,3.51,60.08,0.97,0.51,0.78,1.08
2024-01-19 22:00:00,1,273.7,0.06,3.98,58.65,0.83,0.5,0.77,1.06
2024-01-19 23:00:00,1,273.7,0.01,4.03,57.94,0.77,0.5,0.78,1.01
2024-01-20 00:00:00,1,273.7,0.01,3.81,58.65,0.82,0.5,0.78,0.93
2024-01-20 01:00:00,1,273.7,0.01,3.51,58.65,0.83,0.5,0.8,0.88
2024-01-20 02:00:00,1,273.7,0.01,3.68,56.51,0.87,0.52,0.87,1.01
2024-01-20 03:00:00,1,277.04,0.01,3.94,54.36,0.97,0.61,0.98,1.08
2024-01-20 04:00:00,1,277.04,0.01,4.03,52.93,0.98,0.71,1.07,1.11
2024-01-20 05:00:00,1,277.04,0,3.56,52.21,0.72,0.72,1,1.04
2024-01-20 06:00:00,1,273.7,0,3,52.93,0.49,0.66,0.86,0.95
2024-01-20 07:00:00,1,270.37,0,2.53,52.93,0.44,0.6,0.73,0.85
2024-01-20 08:00:00,1,263.69,0,2.18,54.36,0.48,0.54,0.64,0.79
2024-01-20 09:00:00,1,260.35,0,1.93,55.07,0.49,0.5,0.58,0.78
2024-01-20 10:00:00,1,257.02,0,1.74,55.79,0.47,0.5,0.57,0.78
2024-01-20 11:00:00,1,257.02,0,1.71,55.79,0.49,0.5,0.58,0.78
2024-01-20 12:00:00,1,260.35,0.01,2.23,55.07,0.72,0.5,0.64,0.85
2024-01-20 13:00:00,1,267.03,0.01,2.91,52.93,0.88,0.5,0.69,0.9
2024-01-20 14:00:00,1,267.03,0.05,3.04,50.78,0.89,0.5,0.73,0.88
2024-01-20 15:00:00,1,263.69,0.22,2.59,50.78,0.84,0.5,0.76,0.8
2024-01-20 16:00:00,1,260.35,0.44,1.95,52.21,0.77,0.5,0.75,0.71
2024-01-20 17:00:00,1,253.68,0.49,1.5,52.93,0.65,0.5,0.72,0.61
2024-01-20 18:00:00,1,250.34,0.44,1.25,54.36,0.51,0.5,0.68,0.51
2024-01-20 19:00:00,1,250.34,0.35,1.19,57.22,0.45,0.5,0.65,0.44
2024-01-20 20:00:00,2,250.34,0.26,1.31,60.8,0.48,0.5,0.64,0.43
2024-01-20 21:00:00,2,253.68,0.14,1.59,62.23,0.54,0.5,0.65,0.46
2024-01-20 22:00:00,2,257.02,0.04,1.93,62.23,0.57,0.5,0.65,0.48
2024-01-20 23:00:00,2,257.02,0,2.1,62.94,0.63,0.5,0.65,0.5
2024-01-21 00:00:00,2,260.35,0,2.14,63.66,0.72,0.5,0.66,0.51
2024-01-21 01:00:00,2,260.35,0,2.03,63.66,0.79,0.5,0.67,0.5
2024-01-21 02:00:00,2,257.02,0,1.84,64.37,0.82,0.5,0.66,0.48
2024-01-21 03:00:00,2,257.02,0,1.67,65.8,0.84,0.5,0.66,0.46
2024-01-21 04:00:00,2,257.02,0,1.59,65.8,0.86,0.5,0.65,0.46
2024-01-21 05:00:00,2,257.02,0,1.48,65.09,0.9,0.5,0.62,0.46
2024-01-21 06:00:00,2,253.68,0,1.39,65.09,0.97,0.5,0.6,0.47
2024-01-21 07:00:00,2,253.68,0,1.32,65.8,0.92,0.5,0.59,0.51
2024-01-21 08:00:00,2,253.68,0,1.37,65.09,0.86,0.5,0.61,0.63
2024-01-21 09:00:00,2,253.68,0,1.48,64.37,0.85,0.5,0.62,0.75
2024-01-21 10:00:00,2,257.02,0,1.67,62.94,0.85,0.5,0.64,0.92
2024-01-21 11:00:00,2,260.35,0,2.18,61.51,0.98,0.5,0.69,1.19
2024-01-21 12:00:00,1,273.7,0.01,3.98,58.65,1.61,0.64,1.01,1.58
2024-01-21 13:00:00,1,297.07,0.02,6.51,55.79,2.32,0.86,1.5,1.98
2024-01-21 14:00:00,1,303.75,0.11,7.45,54.36,2.68,0.94,1.83,2.09
2024-01-21 15:00:00,1,300.41,0.45,6.77,55.79,2.83,0.93,2.08,1.95
2024-01-21 16:00:00,1,293.73,0.94,6,57.94,2.98,0.98,2.36,1.74
2024-01-21 17:00:00,2,293.73,1.26,5.57,60.8,2.98,1.05,2.54,1.69
2024-01-21 18:00:00,2,283.72,1.13,4.58,66.52,2.47,0.97,2.18,1.49
2024-01-21 19:00:00,2,270.37,0.74,3.47,72.96,1.76,0.71,1.54,1.11
2024-01-21 20:00:00,2,270.37,0.52,4.24,72.96,1.97,0.71,1.66,1.14
2024-01-21 21:00:00,2,277.04,0.32,6.43,67.95,2.74,0.87,2.21,1.28
2024-01-21 22:00:00,2,293.73,0.12,11.14,62.23,4.35,1.22,3.12,1.63
2024-01-21 23:00:00,1,320.43,0,18.16,57.22,7.09,1.96,4.47,2.41
2024-01-22 00:00:00,1,340.46,0,24.33,55.07,9.78,2.75,5.55,3.23
2024-01-22 01:00:00,1,347.14,0,24.33,55.07,10.25,2.93,5.61,3.36
2024-01-22 02:00:00,1,343.8,0,23.31,55.07,10.01,3.04,5.66,3.23
2024-01-22 03:00:00,1,343.8,0,23.65,52.21,10.61,3.66,6.28,3.2
2024-01-22 04:00:00,1,343.8,0,24.33,50.78,12.87,5.28,7.93,3.1
2024-01-22 05:00:00,1,340.46,0,22.62,54.36,12.4,6.59,9.02,2.79
2024-01-22 06:00:00,2,323.77,0,18.85,60.08,10.73,6.42,8.41,2.44
2024-01-22 07:00:00,2,303.75,0,15.59,63.66,10.37,5.64,7.33,2.12
2024-01-22 08:00:00,2,297.07,0,15.42,64.37,10.97,6.45,8.12,1.99
2024-01-22 09:00:00,2,300.41,0,15.77,62.94,10.73,8.16,9.95,1.93
2024-01-22 10:00:00,2,303.75,0,16.28,60.8,10.61,9.66,11.63,2.01
2024-01-22 11:00:00,2,307.08,0,16.79,58.65,10.61,10.42,12.48,2.12
2024-01-22 12:00:00,2,310.42,0,17.31,57.94,10.73,10.26,12.38,2.18
2024-01-22 13:00:00,1,323.77,0,18.51,55.79,10.49,9.52,11.88,2.03
2024-01-22 14:00:00,1,337.12,0.15,19.88,54.36,10.25,9.47,12.05,1.76
2024-01-22 15:00:00,1,340.46,0.95,20.91,54.36,10.25,9.49,12.16,1.66
2024-01-22 16:00:00,1,330.45,1.56,19.19,55.79,9.66,9.44,11.91,1.54
2024-01-22 17:00:00,2,327.11,2.15,18.34,54.36,10.49,10.4,12.79,1.33
2024-01-22 18:00:00,2,323.77,2.88,18.85,51.5,13.35,11.39,13.81,1.09
2024-01-22 19:00:00,2,323.77,2.32,22.28,47.21,15.5,11.27,13.27,0.93
2024-01-22 20:00:00,2,320.43,1.24,25.36,43.99,14.78,10.59,12.14,0.84
2024-01-22 21:00:00,1,323.77,0.41,26.39,42.56,13.11,9.75,11.07,0.81
2024-01-22 22:00:00,1,323.77,0.06,25.02,43.99,10.73,8.94,10.34,0.94
2024-01-22 23:00:00,1,330.45,0,23.65,45.78,10.13,7.95,9.56,1.31
2024-01-23 00:00:00,1,337.12,0,23.65,47.92,10.13,6.67,8.42,1.73
2024-01-23 01:00:00,1,337.12,0,23.99,49.35,10.01,5.84,7.8,1.93
2024-01-23 02:00:00,1,337.12,0,23.65,50.07,9.54,5.79,7.89,1.9
2024-01-23 03:00:00,1,333.79,0,22.62,50.07,8.82,6.15,8.37,1.79
2024-01-23 04:00:00,1,323.77,0,19.71,50.07,7.75,6.49,8.71,1.58
2024-01-23 05:00:00,1,313.76,0,16.96,50.07,7.09,7.05,9.13,1.42
2024-01-23 06:00:00,1,310.42,0,15.25,49.35,7.03,7.87,9.75,1.31
2024-01-23 07:00:00,1,310.42,0,14.57,47.21,7.03,8.77,10.6,1.39
2024-01-23 08:00:00,1,317.1,0,16.11,43.99,7.33,9.69,11.81,1.77
2024-01-23 09:00:00,2,323.77,0,17.99,40.41,7.75,10.59,13.1,2.18
2024-01-23 10:00:00,2,333.79,0.01,19.88,37.19,7.87,11.38,14.23,2.63
2024-01-23 11:00:00,2,347.14,0.01,21.76,33.62,7.75,12.05,15.2,3.23
2024-01-23 12:00:00,2,390.53,0.08,26.73,27.89,8.94,12.91,16.58,4.18
2024-01-23 13:00:00,2,453.95,0.26,33.93,20.38,10.61,13.74,17.86,5.19
2024-01-23 14:00:00,2,500.68,1.23,36.67,17.17,11.21,14.23,18.53,5.64
2024-01-23 15:00:00,2,500.68,4.02,32.22,22.53,11.09,14.3,18.49,5.38
2024-01-23 16:00:00,2,480.65,5.48,27.08,29.68,9.78,13.99,17.71,4.31
2024-01-23 17:00:00,2,453.95,5.76,24.33,33.62,8.23,13.77,17.01,3.39
2024-01-23 18:00:00,2,423.91,5.03,21.93,37.19,6.62,13.41,16.09,2.41
2024-01-23 19:00:00,2,353.81,2.07,16.96,46.49,5.19,10.86,12.36,0.94
2024-01-23 20:00:00,1,337.12,0.99,15.77,48.64,4.83,9.87,10.88,0.75
2024-01-23 21:00:00,1,330.45,0.35,15.08,49.35,3.99,9.17,9.86,0.66
2024-01-23 22:00:00,1,327.11,0.04,13.88,49.35,3.07,8.46,8.93,0.59
2024-01-23 23:00:00,1,320.43,0,12,51.5,2.53,7.4,7.73,0.52
2024-01-24 00:00:00,1,310.42,0,9.94,53.64,2.24,5.94,6.22,0.43
2024-01-24 01:00:00,1,300.41,0,8.48,55.79,1.94,5.06,5.31,0.33
2024-01-24 02:00:00,1,297.07,0,7.45,56.51,1.61,4.4,4.6,0.29
2024-01-24 03:00:00,1,293.73,0,6.68,55.79,1.39,4,4.17,0.28
2024-01-24 04:00:00,1,293.73,0,6.34,55.07,1.21,4.12,4.26,0.26
2024-01-24 05:00:00,1,293.73,0,6.43,52.93,0.98,4.26,4.36,0.25
2024-01-24 06:00:00,1,297.07,0,6.85,49.35,0.83,4.52,4.6,0.26
2024-01-24 07:00:00,1,300.41,0,7.11,46.49,0.76,4.8,4.88,0.3
2024-01-24 08:00:00,1,307.08,0,7.45,42.2,0.78,5.01,5.1,0.36
2024-01-24 09:00:00,1,313.76,0,7.45,39.34,0.8,4.98,5.08,0.42
2024-01-24 10:00:00,1,313.76,0,7.11,38.27,0.79,4.58,4.71,0.56
2024-01-24 11:00:00,1,313.76,0,6.94,37.55,0.85,4.4,4.59,0.8
2024-01-24 12:00:00,1,323.77,0.01,8.31,35.76,1.28,4.6,4.94,1.09
2024-01-24 13:00:00,1,343.8,0.03,10.71,32.9,1.71,4.97,5.52,1.39
2024-01-24 14:00:00,1,363.83,0.08,13.02,30.04,1.68,5.46,6.22,1.04
2024-01-24 15:00:00,1,373.84,0.37,14.39,28.61,1.67,6.02,6.99,0.72
2024-01-24 16:00:00,1,387.19,1.05,15.08,27.89,2,6.6,7.65,0.61
2024-01-24 17:00:00,1,400.54,1.82,15.94,26.82,2.32,6.82,7.88,0.63
2024-01-24 18:00:00,1,413.89,2.65,16.79,25.75,2.56,6.88,7.96,0.75
2024-01-24 19:00:00,1,433.92,3.13,19.54,23.25,3.13,7.08,8.19,0.89
2024-01-24 20:00:00,1,460.62,3.07,22.96,19.67,3.19,7.4,8.55,0.93
2024-01-24 21:00:00,1,480.65,2.26,27.08,15.56,2.95,7.68,8.85,0.92
2024-01-24 22:00:00,1,494,1.09,31.53,11.44,2.5,8.04,9.15,0.86
2024-01-24 23:00:00,1,507.35,0.62,33.59,9.92,2.24,8.51,9.57,0.74
2024-01-25 00:00:00,1,507.35,0.47,33.59,10.55,2.15,8.78,9.69,0.59
2024-01-25 01:00:00,1,500.68,0.32,32.56,11.62,1.97,8.69,9.48,0.51
2024-01-25 02:00:00,1,494,0.31,31.87,11.18,1.74,8.53,9.32,0.52
2024-01-25 03:00:00,1,487.33,0.32,30.85,10.55,1.55,8.43,9.22,0.55
2024-01-25 04:00:00,1,473.98,0.27,29.13,10.46,1.21,8.24,8.96,0.52
2024-01-25 05:00:00,1,467.3,0.14,26.39,11,0.71,7.97,8.53,0.44
2024-01-25 06:00:00,1,453.95,0.08,23.31,11.98,0.51,7.81,8.25,0.38
2024-01-25 07:00:00,1,447.27,0.06,20.56,12.7,0.47,7.91,8.33,0.36
2024-01-25 08:00:00,1,440.6,0.04,18.16,13.95,0.45,8.11,8.5,0.35
2024-01-25 09:00:00,1,433.92,0.03,15.94,15.91,0.44,8.19,8.51,0.33
2024-01-25 10:00:00,1,420.57,0.02,14.05,18.06,0.43,8.19,8.47,0.32
2024-01-25 11:00:00,1,413.89,0.03,13.19,18.24,0.51,8.17,8.48,0.36
2024-01-25 12:00:00,1,420.57,0.11,14.22,16.45,0.91,8.14,8.66,0.44
2024-01-25 13:00:00,1,427.25,0.23,15.94,14.13,1.21,7.96,8.71,0.49
2024-01-25 14:00:00,1,433.92,0.5,16.28,13.23,1.28,7.56,8.45,0.49
2024-01-25 15:00:00,1,417.23,1.29,13.88,16.09,1.25,7.11,8.02,0.43
2024-01-25 16:00:00,1,397.21,2.01,10.62,20.74,1.12,6.33,7.13,0.38
2024-01-25 17:00:00,1,400.54,2.51,9.68,21.46,1.13,5.64,6.49,0.49
2024-01-25 18:00:00,1,407.22,2.79,9.77,21.64,1.19,5.5,6.44,0.63
2024-01-25 19:00:00,1,417.23,2.85,10.88,21.28,1.4,5.66,6.71,0.78
2024-01-25 20:00:00,1,427.25,2.54,12.85,19.49,1.43,5.73,6.91,0.81
2024-01-25 21:00:00,1,433.92,1.56,15.25,16.81,1.36,5.58,6.84,0.78
2024-01-25 22:00:00,1,440.6,0.63,17.82,13.77,1.21,5.37,6.66,0.77
2024-01-25 23:00:00,1,453.95,0.38,20.22,11.09,1.19,5.26,6.56,0.74
2024-01-26 00:00:00,1,473.98,0.46,21.93,9.48,1.36,5.56,6.94,0.7
2024-01-26 01:00:00,1,480.65,0.36,22.62,10.19,1.36,6.12,7.54,0.6
2024-01-26 02:00:00,1,460.62,0.15,20.91,14.31,1.16,6.61,7.87,0.47
2024-01-26 03:00:00,1,440.6,0.06,17.99,18.95,1.03,7.31,8.35,0.36
2024-01-26 04:00:00,1,413.89,0.01,13.88,24.68,0.84,7.88,8.62,0.22
2024-01-26 05:00:00,1,383.85,0,9.77,33.62,0.47,6.59,7.13,0.16
2024-01-26 06:00:00,1,347.14,0,5.91,43.63,0.29,5.38,5.77,0.14
2024-01-26 07:00:00,1,320.43,0,3.51,50.07,0.21,4.6,4.83,0.14
2024-01-26 08:00:00,1,310.42,0,2.59,51.5,0.18,4.02,4.15,0.16
2024-01-26 09:00:00,1,300.41,0,2.21,50.78,0.17,3.44,3.53,0.17
2024-01-26 10:00:00,1,293.73,0,1.97,51.5,0.15,2.87,2.94,0.18
2024-01-26 11:00:00,1,287.06,0,1.86,54.36,0.16,2.09,2.16,0.2
2024-01-26 12:00:00,1,287.06,0,2.25,58.65,0.23,1.63,1.72,0.2
2024-01-26 13:00:00,2,293.73,0,3,61.51,0.29,1.41,1.53,0.22
2024-01-26 14:00:00,2,300.41,0.01,3.68,61.51,0.34,1.41,1.55,0.22
2024-01-26 15:00:00,1,307.08,0.04,4.03,59.37,0.37,1.48,1.63,0.21
2024-01-26 16:00:00,1,310.42,0.25,3.77,57.94,0.38,1.56,1.72,0.21
2024-01-26 17:00:00,1,310.42,0.61,3.3,56.51,0.38,1.76,1.91,0.25
2024-01-26 18:00:00,1,313.76,1.02,3.26,55.07,0.39,2.05,2.21,0.33
2024-01-26 19:00:00,1,317.1,1.2,3.81,53.64,0.56,2.28,2.49,0.47
2024-01-26 20:00:00,1,323.77,1.01,5.48,51.5,0.85,2.39,2.73,0.65
2024-01-26 21:00:00,1,340.46,0.49,8.57,48.64,1.37,2.53,3.07,0.92
2024-01-26 22:00:00,1,363.83,0.08,11.65,45.78,1.79,2.67,3.44,1.14
2024-01-26 23:00:00,1,363.83,0.01,11.48,46.49,1.51,2.56,3.32,0.97
2024-01-27 00:00:00,1,350.48,0,9.85,48.64,1.24,2.37,3.05,0.77
2024-01-27 01:00:00,1,350.48,0,9.6,47.92,1.18,2.4,3.17,0.59
2024-01-27 02:00:00,1,360.49,0.01,10.88,43.27,1.34,2.58,3.59,0.55
2024-01-27 03:00:00,1,370.5,0.01,12.17,38.98,1.53,2.75,3.99,0.67
2024-01-27 04:00:00,1,373.84,0.02,12.51,36.12,1.42,2.81,4.16,0.73
2024-01-27 05:00:00,1,360.49,0.01,10.8,37.19,0.82,2.66,3.88,0.59
2024-01-27 06:00:00,1,343.8,0,8.31,41.13,0.48,2.4,3.36,0.5
2024-01-27 07:00:00,1,330.45,0,6.6,44.7,0.41,2.23,2.99,0.47
2024-01-27 08:00:00,1,327.11,0,6.17,44.35,0.43,2.21,2.93,0.55
2024-01-27 09:00:00,1,323.77,0,6.08,42.2,0.47,2.27,3.01,0.66
2024-01-27 10:00:00,1,323.77,0,6.25,39.34,0.52,2.44,3.23,0.83
2024-01-27 11:00:00,1,330.45,0.01,7.2,35.05,0.67,2.66,3.55,0.99
2024-01-27 12:00:00,1,353.81,0.05,10.54,28.61,1.34,3.08,4.24,1.25
2024-01-27 13:00:00,1,390.53,0.17,15.25,21.28,1.74,3.42,4.91,1.31
2024-01-27 14:00:00,1,417.23,0.59,18.16,16.63,1.73,3.52,5.22,1.08
2024-01-27 15:00:00,1,427.25,1.98,17.31,17.7,1.68,3.44,5.23,0.85
2024-01-27 16:00:00,1,343.8,1.06,8.83,41.48,1.77,3,4.06,0.54
2024-01-27 17:00:00,1,340.46,1.42,8.23,43.63,2.15,3.07,4.17,0.62
2024-01-27 18:00:00,1,343.8,1.93,8.57,43.63,2.32,3.51,4.71,0.77
2024-01-27 19:00:00,1,357.15,1.84,10.45,42.56,2.8,4.25,5.58,0.88
2024-01-27 20:00:00,1,363.83,1.41,12.34,41.84,3.19,4.72,6.29,0.87
2024-01-27 21:00:00,1,360.49,0.65,13.02,41.48,3.81,4.72,6.39,0.81
2024-01-27 22:00:00,1,387.19,0.2,17.31,33.62,3.81,4.89,6.75,1.22
2024-01-27 23:00:00,1,440.6,0.12,24.33,22.71,5.19,5.52,7.74,2.69
2024-01-28 00:00:00,1,487.33,0.29,30.16,15.2,6.91,6.1,8.65,4.31
2024-01-28 01:00:00,1,487.33,0.36,31.19,11.98,7.03,6.19,8.57,5.26
2024-01-28 02:00:00,1,460.62,0.23,27.08,13.77,5.42,6.03,8.09,5.13
2024-01-28 03:00:00,1,447.27,0.1,22.62,17.7,3.4,5.94,8,4.05
2024-01-28 04:00:00,1,407.22,0.02,16.28,25.03,1.31,6.08,7.58,1.35
2024-01-28 05:00:00,1,407.22,0.01,14.91,23.96,0.84,6.52,7.57,0.79
2024-01-28 06:00:00,1,413.89,0.01,14.74,21.99,0.78,7.35,8.14,0.5
2024-01-28 07:00:00,1,410.56,0.01,13.37,21.82,0.75,8.13,8.75,0.23
2024-01-28 08:00:00,1,400.54,0.01,11.31,21.99,0.69,8.64,9.13,0.13
2024-01-28 09:00:00,1,387.19,0,9.6,21.99,0.66,9.18,9.62,0.09
2024-01-28 10:00:00,1,373.84,0,8.14,22.89,0.62,9.3,9.66,0.07
2024-01-28 11:00:00,1,363.83,0,6.94,26.11,0.51,8.68,8.94,0.09
2024-01-28 12:00:00,1,347.14,0.01,5.74,32.19,0.48,7.39,7.63,0.13
2024-01-28 13:00:00,1,327.11,0,4.63,40.77,0.44,5.82,6.04,0.17
2024-01-28 14:00:00,1,313.76,0.02,3.86,47.21,0.4,4.28,4.51,0.21
2024-01-28 15:00:00,1,300.41,0.07,3.21,52.21,0.37,3.02,3.25,0.24
2024-01-28 16:00:00,2,283.72,0.16,2.18,61.51,0.32,1.7,1.9,0.25
2024-01-28 17:00:00,2,273.7,0.14,1.74,67.23,0.29,1.04,1.22,0.25
2024-01-28 18:00:00,2,270.37,0.13,1.59,67.95,0.28,1,1.17,0.24
2024-01-28 19:00:00,2,270.37,0.12,1.61,67.23,0.31,1,1.18,0.27
2024-01-28 20:00:00,2,267.03,0.09,1.65,67.23,0.32,0.98,1.16,0.31
2024-01-28 21:00:00,2,263.69,0.04,1.78,67.23,0.32,0.92,1.1,0.35
2024-01-28 22:00:00,2,263.69,0.01,2.18,66.52,0.35,0.87,1.07,0.4
2024-01-28 23:00:00,2,267.03,0,2.87,64.37,0.41,0.89,1.12,0.42
2024-01-29 00:00:00,2,270.37,0,3.34,62.23,0.48,0.92,1.19,0.37
2024-01-29 01:00:00,2,270.37,0,3.3,62.23,0.5,0.89,1.2,0.32
2024-01-29 02:00:00,2,267.03,0,3.04,62.94,0.51,0.83,1.14,0.3
2024-01-29 03:00:00,2,267.03,0,2.78,62.23,0.54,0.83,1.12,0.3
2024-01-29 04:00:00,1,270.37,0,2.48,55.79,0.47,0.98,1.22,0.27
2024-01-29 05:00:00,1,273.7,0,1.99,50.07,0.3,1.13,1.31,0.24
2024-01-29 06:00:00,1,270.37,0,1.71,52.21,0.28,1.09,1.24,0.25
2024-01-29 07:00:00,1,263.69,0,1.41,57.94,0.32,0.91,1.05,0.31
2024-01-29 08:00:00,2,260.35,0,1.25,60.8,0.42,0.86,1,0.48
2024-01-29 09:00:00,2,260.35,0,1.15,60.8,0.46,0.84,0.98,0.51
2024-01-29 10:00:00,1,263.69,0,1.15,57.94,0.49,0.92,1.06,0.54
2024-01-29 11:00:00,1,267.03,0,1.34,54.36,0.57,1.07,1.22,0.59
2024-01-29 12:00:00,1,277.04,0,1.99,51.5,0.82,1.19,1.4,0.67
2024-01-29 13:00:00,1,287.06,0,2.68,48.64,0.97,1.22,1.48,0.74
2024-01-29 14:00:00,1,290.39,0.09,2.72,46.49,0.97,1.1,1.37,0.73
2024-01-29 15:00:00,1,290.39,0.27,2.18,45.78,0.88,0.88,1.15,0.66
2024-01-29 16:00:00,1,290.39,0.41,1.67,46.49,0.78,0.65,0.9,0.62
2024-01-29 17:00:00,1,287.06,0.51,1.39,47.92,0.69,0.59,0.85,0.53
2024-01-29 18:00:00,1,287.06,0.54,1.25,49.35,0.66,0.63,0.91,0.56
2024-01-29 19:00:00,1,290.39,0.66,1.54,50.78,0.79,0.71,1.06,0.66
2024-01-29 20:00:00,1,300.41,0.8,2.31,50.78,1,0.85,1.32,0.82
2024-01-29 21:00:00,1,307.08,0.7,3.51,50.78,1.18,0.96,1.53,0.95
2024-01-29 22:00:00,1,347.14,0.45,8.05,43.99,1.52,1.24,2.02,1.33
2024-01-29 23:00:00,1,407.22,0.08,14.74,32.54,2.53,1.75,2.89,2.15
2024-01-30 00:00:00,1,460.62,0.18,19.54,22.89,4.23,2.41,4.02,3.55
2024-01-30 01:00:00,1,480.65,0.3,21.42,17.34,5.19,2.95,4.9,4.31
2024-01-30 02:00:00,1,494,0.36,22.96,14.84,6.02,3.44,5.58,4.88
2024-01-30 03:00:00,1,534.06,0.48,27.76,12.16,7.75,4.31,6.72,5.7
2024-01-30 04:00:00,1,594.14,0.46,35.3,11,8.34,5.3,8.55,5.57
2024-01-30 05:00:00,2,600.81,0.3,41.47,9.12,7.09,6.85,12.64,4.05
2024-01-30 06:00:00,2,554.08,0.24,47.3,6.79,6.38,9.03,17.75,2.37
2024-01-30 07:00:00,2,487.33,0.17,48.67,6.62,6.38,9.28,18.54,1.46
2024-01-30 08:00:00,2,460.62,0.15,45.93,7.87,7.63,8.23,15.61,1.8
2024-01-30 09:00:00,1,407.22,0.05,34.27,16.63,8.23,7.09,11.79,1.69
2024-01-30 10:00:00,1,313.76,0,16.62,42.56,6.62,5.96,8.07,0.73
2024-01-30 11:00:00,2,277.04,0,9.34,61.51,4.41,4.53,5.61,0.28
2024-01-30 12:00:00,2,273.7,0,8.14,65.09,3.93,3.63,4.48,0.2
2024-01-30 13:00:00,2,280.38,0,7.45,65.09,3.58,3.46,4.22,0.18
2024-01-30 14:00:00,2,277.04,0.02,6.25,67.95,2.89,3.34,4.01,0.18
2024-01-30 15:00:00,2,270.37,0.1,5.91,69.38,2.62,2.63,3.24,0.16
2024-01-30 16:00:00,2,267.03,0.24,5.65,68.66,2.92,1.83,2.46,0.18
2024-01-30 17:00:00,2,263.69,0.33,4.97,69.38,3.07,1.44,2.03,0.22
2024-01-30 18:00:00,2,260.35,0.34,4.2,71.53,2.65,1.23,1.72,0.27
2024-01-30 19:00:00,2,263.69,0.41,3.98,70.1,2.18,1.27,1.69,0.33
2024-01-30 20:00:00,2,267.03,0.35,4.28,67.95,1.8,1.29,1.69,0.38
2024-01-30 21:00:00,2,270.37,0.2,4.76,67.95,1.49,1.24,1.67,0.4
2024-01-30 22:00:00,2,283.72,0.06,6.17,66.52,1.39,1.58,2.12,0.42
2024-01-30 23:00:00,2,297.07,0,7.63,63.66,1.56,2.33,2.97,0.54
2024-01-31 00:00:00,2,300.41,0,7.37,62.94,1.65,2.58,3.22,0.78
2024-01-31 01:00:00,2,297.07,0,6.6,62.23,1.59,2.38,3.01,0.78
2024-01-31 02:00:00,2,293.73,0,6.08,61.51,1.73,2.29,2.92,0.78
2024-01-31 03:00:00,2,287.06,0,5.65,62.23,1.89,2.32,2.97,0.69
2024-01-31 04:00:00,1,293.73,0,6.77,58.65,1.97,2.58,3.37,0.63
2024-01-31 05:00:00,1,303.75,0,8.91,51.5,2.24,3.46,4.44,1.16
2024-01-31 06:00:00,1,313.76,0,10.71,44.7,2.32,4.4,5.56,1.54
2024-01-31 07:00:00,1,320.43,0,12.17,38.98,2.47,5.31,6.65,1.85
2024-01-31 08:00:00,1,323.77,0.01,13.71,33.97,2.65,6.07,7.59,2.09
2024-01-31 09:00:00,1,330.45,0.01,15.25,28.97,2.86,6.79,8.53,2.31
2024-01-31 10:00:00,1,340.46,0.02,17.31,24.68,3.07,7.59,9.53,2.56
2024-01-31 11:00:00,1,363.83,0.06,21.08,19.67,3.61,8.7,10.88,2.72
2024-01-31 12:00:00,2,423.91,0.43,29.82,12.34,5.3,10.68,13.42,3.07
2024-01-31 13:00:00,2,514.03,1.98,38.73,4.6,6.38,12.49,16.25,3.04
2024-01-31 14:00:00,2,594.14,7.38,39.41,3.4,4.89,13.19,18.67,1.39
2024-01-31 15:00:00,2,607.49,15.2,34.96,8.14,7.51,14.16,22.59,1.2
2024-01-31 16:00:00,2,427.25,7.93,37.01,25.03,16.93,18.58,25.09,0.62
2024-01-31 17:00:00,2,427.25,6.59,33.24,31.83,11.32,15.38,20.99,0.35
2024-01-31 18:00:00,2,447.27,7.93,35.3,30.4,10.97,15.39,20.98,0.4
2024-01-31 19:00:00,2,440.6,7.82,35.99,29.68,12.28,16.77,21.89,0.54
2024-01-31 20:00:00,2,433.92,7.04,37.01,28.61,13.23,17.68,22.56,0.76
2024-01-31 21:00:00,2,423.91,4.02,39.41,26.11,13.35,17.12,21.65,1.06
2024-01-31 22:00:00,2,420.57,1.29,41.81,23.6,12.4,15.99,20.29,1.31
2024-01-31 23:00:00,2,440.6,0.12,45.24,19.13,12.16,15.26,19.91,1.39
2024-02-01 00:00:00,2,487.33,0.25,55.52,10.46,13.95,16.06,21.58,1.55
2024-02-01 01:00:00,2,527.38,0.5,62.38,5.72,14.07,16.12,22.33,1.69
2024-02-01 02:00:00,2,534.06,0.41,61.69,5.99,13.35,14.86,21.3,1.6
2024-02-01 03:00:00,2,487.33,0.25,54.84,7.96,12.87,14.78,20.57,1.31
2024-02-01 04:00:00,2,417.23,0.07,40.78,14.66,10.97,16.84,20.47,0.59
2024-02-01 05:00:00,2,410.56,0.02,37.01,17.88,7.51,18.26,20.68,0.35
2024-02-01 06:00:00,2,403.88,0.02,34.96,19.85,6.79,17.69,19.81,0.37
2024-02-01 07:00:00,2,367.16,0.01,26.05,26.11,6.44,16,17.88,0.44
2024-02-01 08:00:00,2,340.46,0,19.71,32.9,5.9,14.32,16.03,0.54
2024-02-01 09:00:00,2,330.45,0,16.45,37.19,5.66,13.18,14.84,0.59
2024-02-01 10:00:00,2,330.45,0,16.62,36.12,6.2,13.55,15.35,0.59
2024-02-01 11:00:00,2,340.46,0,19.88,31.83,7.51,14.78,16.92,0.64
2024-02-01 12:00:00,2,357.15,0.02,24.33,26.82,8.82,15.84,18.51,0.78
2024-02-01 13:00:00,2,380.52,0.07,30.16,20.56,9.54,16.6,19.74,0.93
2024-02-01 14:00:00,2,413.89,0.37,37.7,14.13,10.13,17.4,20.82,1.08
2024-02-01 15:00:00,2,447.27,2.18,43.53,11.62,10.97,18.17,21.98,1.27
2024-02-01 16:00:00,2,453.95,5.76,41.47,15.38,12.28,17.98,22.3,1.46
2024-02-01 17:00:00,2,440.6,5.87,39.76,17.88,13.71,17.2,22.08,1.69
2024-02-01 18:00:00,2,427.25,5.2,38.73,19.85,14.54,16.56,21.54,2.06
2024-02-01 19:00:00,2,413.89,5.2,36.33,22.71,13.95,15.97,20.83,2.28
2024-02-01 20:00:00,2,413.89,3.69,37.01,21.46,12.04,15.68,20.69,2.28
2024-02-01 21:00:00,2,413.89,2.04,38.04,19.31,10.37,15.28,20.55,2.25
2024-02-01 22:00:00,2,440.6,0.77,40.78,15.2,8.11,14.98,20.56,2.22
2024-02-01 23:00:00,2,467.3,0.36,41.81,11.98,5.54,14.57,20.21,1.95
2024-02-02 00:00:00,2,467.3,0.26,35.99,14.31,3.64,13.44,18.53,1.6
2024-02-02 01:00:00,2,440.6,0.12,27.08,19.31,2.41,11.88,15.38,1.31
2024-02-02 02:00:00,2,407.22,0.05,19.88,24.32,1.7,11.16,13.25,1.12
2024-02-02 03:00:00,2,383.85,0.02,15.94,27.54,1.25,11.64,12.91,0.96
2024-02-02 04:00:00,2,357.15,0.01,12.34,31.83,0.8,12.4,13.04,0.7
2024-02-02 05:00:00,2,337.12,0,9.77,34.69,0.48,12.38,12.75,0.58
2024-02-02 06:00:00,2,323.77,0,7.88,36.12,0.37,11.69,11.96,0.47
2024-02-02 07:00:00,1,307.08,0,5.74,37.55,0.3,7.71,7.92,0.45
2024-02-02 08:00:00,1,287.06,0,3.43,38.27,0.27,3.1,3.26,0.48
2024-02-02 09:00:00,1,270.37,0,1.99,37.19,0.3,0.98,1.11,0.61
2024-02-02 10:00:00,1,267.03,0,1.33,36.84,0.43,0.5,0.62,1.16
2024-02-02 11:00:00,1,263.69,0,1.21,39.7,0.52,0.5,0.63,1.28
2024-02-02 12:00:00,1,267.03,0,1.67,43.27,0.69,0.5,0.67,1.35
2024-02-02 13:00:00,1,273.7,0.01,2.31,46.49,0.75,0.5,0.71,1.38
2024-02-02 14:00:00,1,277.04,0.13,2.51,48.64,0.76,0.5,0.72,1.36
2024-02-02 15:00:00,1,277.04,0.39,2.1,50.78,0.75,0.5,0.72,1.35
2024-02-02 16:00:00,1,277.04,0.54,1.8,52.93,0.71,0.5,0.72,1.36
2024-02-02 17:00:00,1,277.04,0.59,1.67,53.64,0.64,0.5,0.73,1.35
2024-02-02 18:00:00,1,273.7,0.6,1.63,55.07,0.57,0.5,0.72,1.31
2024-02-02 19:00:00,1,280.38,0.57,1.61,55.07,0.55,0.5,0.69,1.2
2024-02-02 20:00:00,1,283.72,0.5,1.84,55.07,0.55,0.5,0.7,1.2
2024-02-02 21:00:00,1,287.06,0.37,2.36,54.36,0.56,0.56,0.78,1.25
2024-02-02 22:00:00,1,297.07,0.16,3.64,52.21,0.61,0.6,0.85,1.41
2024-02-02 23:00:00,1,313.76,0.01,5.57,48.64,0.95,0.74,1.07,2.31
2024-02-03 00:00:00,1,327.11,0.01,6.94,45.78,1.37,0.93,1.38,3.23
2024-02-03 01:00:00,1,333.79,0.01,7.63,44.35,1.62,1.11,1.67,3.89
2024-02-03 02:00:00,1,337.12,0.01,7.63,43.63,1.7,1.23,1.88,4.43
2024-02-03 03:00:00,1,340.46,0.01,7.54,43.27,1.71,1.33,2.03,4.81
2024-02-03 04:00:00,1,340.46,0.01,7.28,42.92,1.48,1.37,2.08,5.13
2024-02-03 05:00:00,1,333.79,0,6.51,43.27,1.03,1.35,1.98,5.26
2024-02-03 06:00:00,1,327.11,0,5.57,44.7,0.79,1.35,1.87,5.19
2024-02-03 07:00:00,1,317.1,0,4.93,45.78,0.75,1.37,1.82,5.19
2024-02-03 08:00:00,1,310.42,0,4.41,47.21,0.73,1.37,1.78,5.32
2024-02-03 09:00:00,1,303.75,0,3.94,47.92,0.69,1.33,1.72,5.38
2024-02-03 10:00:00,1,297.07,0,3.86,47.21,0.69,1.32,1.73,6.08
2024-02-03 11:00:00,1,300.41,0.01,4.58,44.7,0.86,1.43,1.94,7.54
2024-02-03 12:00:00,1,317.1,0.02,7.2,40.77,1.59,1.69,2.44,9.12
2024-02-03 13:00:00,1,347.14,0.06,11.14,35.41,2.35,1.91,2.93,10.39
2024-02-03 14:00:00,1,363.83,1.2,12,34.33,2.74,2,3.17,10.77
2024-02-03 15:00:00,1,373.84,3.44,10.11,36.48,3.07,2.16,3.43,10.89
2024-02-03 16:00:00,1,300.41,1.62,4.33,55.07,2.09,1.35,2.04,3.74
2024-02-03 17:00:00,1,300.41,1.9,4.24,57.22,2.68,1.76,2.52,3.2
2024-02-03 18:00:00,1,303.75,2.32,4.97,57.94,3.4,2.47,3.4,3.36
2024-02-03 19:00:00,1,307.08,2.26,5.36,59.37,3.55,3.07,4.28,3.13
2024-02-03 20:00:00,2,313.76,2.1,6.08,60.08,3.64,3.83,5.81,3.07
2024-02-03 21:00:00,1,327.11,2.04,8.83,57.22,4.53,5.12,8.2,3.23
2024-02-03 22:00:00,1,383.85,1.54,17.48,44.7,4.23,6.39,10.36,4.18
2024-02-03 23:00:00,1,473.98,0.2,31.19,26.82,5.19,7.96,13.32,6.59
2024-02-04 00:00:00,2,567.44,0.47,44.55,13.59,7.99,10.09,17.6,9.5
2024-02-04 01:00:00,2,634.19,1.41,55.52,5.28,10.73,12.1,21.66,12.29
2024-02-04 02:00:00,2,660.9,1.96,57.58,3.26,10.73,12.91,22.48,14.44
2024-02-04 03:00:00,2,607.49,1.19,47.3,5.68,8.46,11.38,18.91,15.45
2024-02-04 04:00:00,1,527.38,0.37,33.24,11.62,5.78,9.18,14.2,15.2
2024-02-04 05:00:00,1,453.95,0.08,21.76,20.03,3.58,7.82,10.91,14.06
2024-02-04 06:00:00,1,403.88,0.02,13.37,28.97,2.18,7.17,9.04,12.54
2024-02-04 07:00:00,1,363.83,0,8.57,37.55,1.62,6.66,7.88,10.26
2024-02-04 08:00:00,1,350.48,0,7.37,40.77,1.64,6.45,7.49,9.63
2024-02-04 09:00:00,1,340.46,0,6.94,42.56,1.76,6.45,7.4,9.37
2024-02-04 10:00:00,1,333.79,0,6.68,43.63,1.82,6.54,7.39,8.74
2024-02-04 11:00:00,1,330.45,0,6.6,44.7,1.94,6.74,7.48,7.92
2024-02-04 12:00:00,1,330.45,0,7.28,45.78,2.35,6.96,7.66,7.09
2024-02-04 13:00:00,1,330.45,0.01,7.71,48.64,2.65,7.04,7.69,5.83
2024-02-04 14:00:00,1,327.11,0.2,7.71,50.07,2.77,7.16,7.79,5
2024-02-04 15:00:00,1,317.1,0.71,6.68,52.21,2.74,7.47,8.12,4.43
2024-02-04 16:00:00,1,303.75,1.02,5.1,56.51,2.29,7.53,8.12,2.56
2024-02-04 17:00:00,1,293.73,1.2,4.28,58.65,2.06,7.66,8.22,2.15
2024-02-04 18:00:00,2,290.39,1.3,3.94,60.8,1.94,8.32,8.86,2.01
2024-02-04 19:00:00,2,287.06,1.2,3.68,64.37,1.82,8.42,8.92,1.63
2024-02-04 20:00:00,2,287.06,1.05,3.98,67.23,1.8,8.58,9.12,1.49
2024-02-04 21:00:00,2,293.73,0.89,5.18,66.52,2,9.08,9.8,1.6
2024-02-04 22:00:00,2,313.76,0.45,8.4,60.08,2.06,9.68,10.63,2.37
2024-02-04 23:00:00,2,337.12,0.02,11.48,51.5,1.67,10.25,11.21,2.72
2024-02-05 00:00:00,2,357.15,0.01,12.85,43.99,1.62,11.06,12.05,2.34
2024-02-05 01:00:00,2,367.16,0.01,13.19,38.62,1.94,11.76,12.8,3.8
2024-02-05 02:00:00,2,367.16,0.01,12.51,36.48,1.86,11.96,12.97,4.43
2024-02-05 03:00:00,2,363.83,0.01,11.65,35.41,1.8,11.76,12.71,4.69
2024-02-05 04:00:00,2,353.81,0.01,10.71,35.05,1.64,11.18,12.05,4.69
2024-02-05 05:00:00,2,347.14,0,9.6,34.69,1.19,10.24,11.01,4.81
2024-02-05 06:00:00,1,340.46,0,8.31,34.69,0.91,8.53,9.22,4.62
2024-02-05 07:00:00,1,330.45,0,6.94,36.12,0.83,6.68,7.28,3.77
2024-02-05 08:00:00,1,313.76,0,5.48,38.27,0.86,5.73,6.26,3.61
2024-02-05 09:00:00,1,303.75,0,4.33,39.7,0.88,5.34,5.82,4.02
2024-02-05 10:00:00,1,293.73,0,3.81,40.77,0.92,5.22,5.67,4.31
2024-02-05 11:00:00,1,293.73,0,3.94,41.84,1.07,5.4,5.86,4.56
2024-02-05 12:00:00,1,297.07,0.01,5.1,41.84,1.51,5.66,6.21,4.88
2024-02-05 13:00:00,1,307.08,0.02,6.6,41.13,1.77,5.97,6.65,5
2024-02-05 14:00:00,1,313.76,0.58,6.6,41.48,1.83,6.26,7.01,4.88
2024-02-05 15:00:00,1,313.76,1.4,5.01,44.7,1.71,6.4,7.17,4.18
2024-02-05 16:00:00,2,327.11,0.64,2.23,67.95,0.97,5.87,6.28,2.01
2024-02-05 17:00:00,2,323.77,0.54,1.74,73.67,0.86,5.75,6.1,1.79
2024-02-05 18:00:00,2,313.76,0.53,1.67,74.39,0.86,5.89,6.25,1.71
2024-02-05 19:00:00,2,310.42,0.48,1.67,76.53,0.88,6.19,6.56,1.65
2024-02-05 20:00:00,2,313.76,0.44,1.88,78.68,0.95,6.47,6.87,1.69
2024-02-05 21:00:00,2,310.42,0.38,2.48,77.96,1.12,6.43,6.89,1.79
2024-02-05 22:00:00,2,353.81,0.44,8.31,66.52,1.68,6.75,7.56,3.51
2024-02-05 23:00:00,1,427.25,0.05,17.48,47.92,2.12,7.35,8.65,5.13
2024-02-06 00:00:00,1,494,0.06,23.65,33.62,3.81,8.09,9.84,7.85
2024-02-06 01:00:00,1,507.35,0.13,24.68,25.03,4.65,8.33,10.46,10.39
2024-02-06 02:00:00,1,480.65,0.13,21.93,22.35,4.05,7.83,10,11.91
2024-02-06 03:00:00,1,453.95,0.09,19.54,23.25,3.22,6.83,8.89,12.54
2024-02-06 04:00:00,1,400.54,0.02,14.22,32.54,2.15,5.1,6.55,9.88
2024-02-06 05:00:00,1,367.16,0.01,10.28,39.7,1.58,4.06,5.12,8.23
2024-02-06 06:00:00,1,337.12,0,7.28,45.06,1.33,3.5,4.28,7.22
2024-02-06 07:00:00,1,317.1,0,5.65,47.92,1.24,3.2,3.83,6.78
2024-02-06 08:00:00,1,303.75,0,4.76,49.35,1.12,2.91,3.47,6.46
2024-02-06 09:00:00,1,293.73,0,4.11,50.78,0.95,2.56,3.05,6.14
2024-02-06 10:00:00,1,283.72,0,3.68,55.07,0.83,2.2,2.65,5.95
2024-02-06 11:00:00,1,280.38,0,3.77,57.94,0.87,1.97,2.43,6.08
2024-02-06 12:00:00,2,287.06,0,5.27,60.08,1.33,1.88,2.48,6.4
2024-02-06 13:00:00,2,303.75,0.01,7.63,60.08,1.71,1.78,2.56,6.65
2024-02-06 14:00:00,2,313.76,0.57,8.57,62.23,1.88,1.64,2.53,6.46
2024-02-06 15:00:00,2,310.42,1.4,7.2,67.95,1.82,1.48,2.37,5.64
2024-02-06 16:00:00,2,277.04,0.92,3.56,82.25,1.1,1.11,1.73,2.75
2024-02-06 17:00:00,2,277.04,1.06,3.47,82.97,1.56,2.01,2.85,2.41
2024-02-06 18:00:00,2,280.38,1.36,4.33,82.25,2.59,3.58,4.71,2.56
2024-02-06 19:00:00,2,300.41,2.07,6.68,77.96,3.93,5.05,6.52,3.29
2024-02-06 20:00:00,2,337.12,3.07,10.54,70.1,5.3,6.52,8.39,4.37
2024-02-06 21:00:00,2,367.16,3.24,15.25,62.94,6.32,7.84,10.03,5.19
2024-02-06 22:00:00,1,410.56,1.84,22.96,52.93,6.74,8.69,11.15,6.4
2024-02-06 23:00:00,1,480.65,0.13,32.9,39.7,7.75,9.4,12.2,8.87
2024-02-07 00:00:00,2,554.08,0.09,40.1,30.76,9.78,10.37,13.6,11.4
2024-02-07 01:00:00,2,607.49,0.16,45.93,23.25,11.44,11.33,15,13.68
2024-02-07 02:00:00,2,634.19,0.27,47.98,16.99,12.04,11.96,15.93,14.95
2024-02-07 03:00:00,2,654.22,0.38,47.98,13.23,12.64,12.77,16.86,15.33
2024-02-07 04:00:00,2,640.87,0.25,44.55,15.74,12.28,12.95,16.8,14.31
2024-02-07 05:00:00,2,574.11,0.06,36.67,23.6,10.01,12.26,15.7,12.54
2024-02-07 06:00:00,2,507.35,0.01,29.82,31.83,7.99,11.53,14.64,11.15
2024-02-07 07:00:00,2,433.92,0,23.31,40.77,6.79,10.46,13.16,9.37
2024-02-07 08:00:00,1,370.5,0,17.65,48.64,5.96,9.13,11.37,7.79
2024-02-07 09:00:00,1,333.79,0,14.05,53.64,5.19,8.13,10.04,6.65
2024-02-07 10:00:00,1,313.76,0,12.34,55.79,4.71,7.75,9.49,6.21
2024-02-07 11:00:00,1,310.42,0,12,56.51,4.65,7.95,9.65,6.14
2024-02-07 12:00:00,1,333.79,0,14.74,53.64,5.78,8.83,10.71,6.33
2024-02-07 13:00:00,2,373.84,0.02,19.19,48.64,6.91,10.18,12.36,6.59
2024-02-07 14:00:00,2,400.54,0.35,21.25,45.42,7.27,11.64,14,6.08
2024-02-07 15:00:00,2,393.87,1.29,19.71,47.92,6.38,12.9,15.24,3.51
2024-02-07 16:00:00,2,350.48,1.82,15.08,55.79,6.2,13.71,15.71,1.77
2024-02-07 17:00:00,2,337.12,2.24,12.85,58.65,6.02,14.1,15.93,1.57
2024-02-07 18:00:00,2,330.45,2.32,11.82,60.08,5.84,14.1,15.78,1.5
2024-02-07 19:00:00,2,333.79,2.26,12.34,59.37,5.66,14.44,16.09,1.66
2024-02-07 20:00:00,2,350.48,2.49,14.74,55.79,5.78,15.67,17.47,1.98
2024-02-07 21:00:00,2,363.83,2.29,17.99,50.78,5.96,16.38,18.31,2.12
2024-02-07 22:00:00,2,393.87,1.2,23.31,42.92,5.48,16.62,18.68,2.15
2024-02-07 23:00:00,2,433.92,0.11,29.47,33.62,5.6,16.75,-9999,2.91
2024-02-08 00:00:00,2,453.95,0.07,31.87,28.97,7.21,17.12,19.48,4.94
2024-02-08 01:00:00,2,447.27,0.07,30.85,28.25,7.51,17.31,19.74,5.83
2024-02-08 02:00:00,2,427.25,0.05,28.1,29.33,7.03,17.32,19.67,6.14
2024-02-08 03:00:00,2,417.23,0.04,25.7,30.76,6.68,17.56,19.83,6.27
2024-02-08 04:00:00,2,403.88,0.03,22.96,32.19,5.96,17.95,20.04,6.21
2024-02-08 05:00:00,2,387.19,0.01,19.54,33.62,4.83,18.36,20.1,6.02
2024-02-08 06:00:00,2,373.84,0.01,16.96,34.33,3.99,18.77,20.19,6.08
2024-02-08 07:00:00,2,367.16,0.01,15.42,34.33,3.52,19.25,20.47,6.08
2024-02-08 08:00:00,2,357.15,0,14.39,34.69,3.22,19.57,20.66,6.02
2024-02-08 09:00:00,2,350.48,0,13.37,35.41,3.01,20.01,20.98,5.7
2024-02-08 10:00:00,2,347.14,0,13.02,34.69,2.89,20.72,21.65,5.51
2024-02-08 11:00:00,2,357.15,0.01,13.88,32.19,2.92,22.04,23.03,5.57
2024-02-08 12:00:00,2,380.52,0.03,17.14,28.25,3.4,23.3,24.48,5.7
2024-02-08 13:00:00,2,413.89,0.13,21.59,23.96,3.73,24.04,25.45,5.76
2024-02-08 14:00:00,2,433.92,1.69,22.28,25.03,2.95,23.66,25.2,3.17
2024-02-08 15:00:00,2,423.91,3.07,19.88,30.76,3.07,22.28,23.8,3.01
2024-02-08 16:00:00,2,400.54,3.91,16.62,38.98,3.7,20.65,22,2.44
2024-02-08 17:00:00,2,393.87,4.64,14.91,43.99,3.87,20.23,21.47,2.09
2024-02-08 18:00:00,2,380.52,4.19,13.54,49.35,3.78,19.19,20.33,1.73
2024-02-08 19:00:00,2,367.16,3.55,13.02,54.36,4.05,18.51,19.66,1.55
2024-02-08 20:00:00,2,370.5,2.85,14.22,52.93,3.93,18.48,19.73,1.85
2024-02-08 21:00:00,2,367.16,1.66,15.08,52.93,3.55,17.46,18.74,2.09
2024-02-08 22:00:00,2,367.16,0.44,16.11,53.64,3.07,16.46,17.72,2.31
2024-02-08 23:00:00,2,373.84,0.02,16.79,52.93,3.01,16.66,17.89,2.28
2024-02-09 00:00:00,2,380.52,0,18.51,47.92,3.43,18.16,19.49,2.12
2024-02-09 01:00:00,2,387.19,0,19.71,41.84,3.34,17.98,19.39,2.22
2024-02-09 02:00:00,2,377.18,0,18.85,38.62,3.16,16.36,17.85,2.25
2024-02-09 03:00:00,2,370.5,0,19.19,36.84,3.37,14.56,16.4,1.8
2024-02-09 04:00:00,2,363.83,0,21.76,36.48,3.81,13.49,15.84,1.52
2024-02-09 05:00:00,2,357.15,0,24.68,40.41,4.41,15.33,17.85,1.76
2024-02-09 06:00:00,2,340.46,0,21.08,51.5,4.89,16.88,19.43,2.25
2024-02-09 07:00:00,2,317.1,0,14.91,61.51,5.78,16.15,18.25,1.84
2024-02-09 08:00:00,2,313.76,0,13.02,62.94,5.19,15.3,16.74,1.2
2024-02-09 09:00:00,2,317.1,0,12.51,63.66,4.29,15.12,16.21,0.77
2024-02-09 10:00:00,2,317.1,0,12.17,65.8,3.78,15.56,16.65,0.61
2024-02-09 11:00:00,2,320.43,0,12.85,66.52,3.87,15.61,16.99,0.6
2024-02-09 12:00:00,2,337.12,0,15.25,65.8,4.53,15.76,17.59,0.64
2024-02-09 13:00:00,2,353.81,0.01,18.34,63.66,5.42,16.22,18.8,0.74
2024-02-09 14:00:00,2,370.5,0.48,22.28,60.08,6.74,16.42,19.97,0.93
2024-02-09 15:00:00,2,377.18,1.1,25.36,56.51,8.34,15.81,19.85,1.23
2024-02-09 16:00:00,2,357.15,0.8,23.65,58.65,8.23,14.39,17.86,1.44
2024-02-09 17:00:00,2,340.46,0.91,20.73,60.8,7.63,13.14,16.27,1.54
2024-02-09 18:00:00,2,327.11,0.89,18.85,62.23,7.45,12.75,15.75,1.57
2024-02-09 19:00:00,2,323.77,1.12,17.65,62.94,7.03,12.23,14.85,1.41
2024-02-09 20:00:00,2,320.43,1.49,16.45,65.09,6.62,10.81,13.2,1.25
2024-02-09 21:00:00,2,317.1,1.36,15.42,66.52,5.78,9.12,11.31,1.14
2024-02-09 22:00:00,2,323.77,0.65,17.31,64.37,5.66,8.05,10.4,1.16
2024-02-09 23:00:00,2,337.12,0.03,19.71,60.08,5.9,8.01,10.43,1.09
2024-02-10 00:00:00,1,350.48,0,21.08,55.79,6.2,8.18,10.83,1.04
2024-02-10 01:00:00,1,363.83,0,22.96,50.07,6.32,8.45,11.61,1.03
2024-02-10 02:00:00,1,383.85,0,27.42,41.48,6.97,8.4,12.34,1.08
2024-02-10 03:00:00,1,413.89,0.01,35.64,32.19,8.34,8.14,12.97,1.19
2024-02-10 04:00:00,2,433.92,0.01,40.78,26.82,8.34,7.42,12.71,1.22
2024-02-10 05:00:00,2,433.92,0.01,41.47,25.39,7.03,6.71,11.82,1.14
2024-02-10 06:00:00,1,417.23,0.01,39.07,25.75,5.9,6.55,10.85,1.08
2024-02-10 07:00:00,1,403.88,0.01,35.64,25.39,4.65,6.94,10.54,1.01
2024-02-10 08:00:00,1,387.19,0.01,32.22,25.03,3.58,7.44,10.74,1.04
2024-02-10 09:00:00,1,383.85,0.01,30.5,24.32,3.01,8.11,11.43,1.16
2024-02-10 10:00:00,1,383.85,0.01,30.16,22.89,3.04,8.93,12.12,1.19
2024-02-10 11:00:00,1,390.53,0.02,31.87,21.46,3.43,9.55,12.51,1.06
2024-02-10 12:00:00,2,407.22,0.08,37.36,18.06,4.71,10.56,13.68,1.06
2024-02-10 13:00:00,2,440.6,0.36,45.24,13.41,6.68,12.03,15.67,1.23
2024-02-10 14:00:00,2,487.33,6.76,44.55,18.78,8.46,13.6,18.34,1.41
2024-02-10 15:00:00,2,500.68,13.41,35.3,30.04,8.94,14.3,19.68,1.57
2024-02-10 16:00:00,2,400.54,7.04,18.16,48.64,5.36,11.03,14.49,1.6
2024-02-10 17:00:00,1,360.49,4.58,10.62,53.64,3.67,9.55,12.24,1.87
2024-02-10 18:00:00,1,330.45,2.57,6.17,57.22,2.53,8.52,10.48,2.06
2024-02-10 19:00:00,2,313.76,1.56,4.24,60.8,1.77,7.54,8.83,1.92
2024-02-10 20:00:00,2,307.08,1.13,3.9,61.51,1.46,6.79,7.79,1.76
2024-02-10 21:00:00,2,303.75,0.8,4.33,60.08,1.39,6,6.9,1.71
2024-02-10 22:00:00,1,300.41,0.29,4.5,55.07,1.12,5.06,5.73,1.74
2024-02-10 23:00:00,1,297.07,0.01,4.88,49.35,0.98,4.25,4.76,1.69
2024-02-11 00:00:00,1,300.41,0,5.06,46.49,0.95,3.44,3.88,1.36
2024-02-11 01:00:00,1,300.41,0,5.01,44.35,0.92,2.8,3.16,0.95
2024-02-11 02:00:00,1,300.41,0,5.18,41.48,0.95,2.5,2.89,0.78
2024-02-11 03:00:00,1,300.41,0,5.48,38.27,1.03,2.38,2.83,0.72
2024-02-11 04:00:00,1,300.41,0,5.65,35.76,1,2.09,2.62,0.7
2024-02-11 05:00:00,1,290.39,0,4.71,34.33,0.74,1.39,1.83,0.66
2024-02-11 06:00:00,1,280.38,0,3.56,35.76,0.71,0.91,1.22,1.08
2024-02-11 07:00:00,1,273.7,0,2.78,39.7,0.69,0.65,0.91,1.27
2024-02-11 08:00:00,1,270.37,0,2.33,43.27,0.67,0.5,0.75,1.31
2024-02-11 09:00:00,1,267.03,0,2.12,46.49,0.67,0.5,0.76,1.38
2024-02-11 10:00:00,1,263.69,0,1.97,48.64,0.65,0.5,0.75,1.39
2024-02-11 11:00:00,1,267.03,0,1.95,51.5,0.66,0.5,0.74,1.38
2024-02-11 12:00:00,1,270.37,0,2.4,52.93,0.85,0.5,0.78,1.42
2024-02-11 13:00:00,1,277.04,0,2.87,54.36,0.97,0.5,0.82,1.44
2024-02-11 14:00:00,1,277.04,0.05,2.91,55.79,0.98,0.5,0.85,1.36
2024-02-11 15:00:00,1,277.04,0.17,2.55,57.22,0.86,0.5,0.85,1.06
2024-02-11 16:00:00,1,277.04,0.21,2.29,59.37,0.79,0.5,0.85,0.96
2024-02-11 17:00:00,2,277.04,0.27,2.14,60.8,0.79,0.5,0.86,0.98
2024-02-11 18:00:00,2,277.04,0.29,2.06,61.51,0.76,0.5,0.86,0.99
2024-02-11 19:00:00,2,277.04,0.3,2.21,62.23,0.82,0.5,0.9,1.06
2024-02-11 20:00:00,2,277.04,0.27,2.72,61.51,0.97,0.5,1.04,1.22
2024-02-11 21:00:00,2,283.72,0.23,4.2,60.08,1.46,0.5,1.31,1.47
2024-02-11 22:00:00,1,327.11,0.2,10.37,50.78,2.41,0.99,2.31,2.75
2024-02-11 23:00:00,1,393.87,0.06,19.02,37.91,2.86,1.77,3.83,3.39
2024-02-12 00:00:00,1,447.27,0.08,25.36,28.61,3.58,2.5,5.39,4.02
2024-02-12 01:00:00,1,467.3,0.09,26.05,25.39,4.65,2.83,5.88,7.16
2024-02-12 02:00:00,1,433.92,0.05,21.25,28.97,4.29,2.59,5.12,8.04
2024-02-12 03:00:00,1,373.84,0.02,14.22,37.19,3.37,2.04,3.86,7.22
2024-02-12 04:00:00,1,320.43,0,7.63,48.64,2.15,1.44,2.58,5.13
2024-02-12 05:00:00,1,303.75,0,5.14,52.93,1.56,1.24,2.11,4.31
2024-02-12 06:00:00,1,293.73,0,3.86,56.51,1.33,1.15,1.83,3.67
2024-02-12 07:00:00,1,290.39,0,3.34,57.94,1.34,1.14,1.74,3.36
2024-02-12 08:00:00,1,290.39,0,3.13,58.65,1.39,1.16,1.73,3.2
2024-02-12 09:00:00,1,287.06,0,2.96,59.37,1.39,1.16,1.71,3.01
2024-02-12 10:00:00,1,287.06,0,3.13,59.37,1.43,1.2,1.76,3.26
2024-02-12 11:00:00,1,297.07,0,4.37,56.51,1.89,1.41,2.18,4.31
2024-02-12 12:00:00,1,320.43,0.01,8.23,50.78,3.4,1.88,3.26,5.57
2024-02-12 13:00:00,1,367.16,0.04,14.22,43.27,5.42,2.53,4.96,6.84
2024-02-12 14:00:00,1,400.54,1.03,17.82,37.91,7.27,3.16,6.99,7.22
2024-02-12 15:00:00,1,410.56,4.02,19.88,35.76,8.7,3.99,9.48,5.89
2024-02-12 16:00:00,1,330.45,2.96,14.05,50.07,6.2,3.11,6.14,3.01
2024-02-12 17:00:00,1,330.45,2.99,15.42,52.93,6.56,3.36,5.91,2.94
2024-02-12 18:00:00,1,340.46,2.88,19.02,51.5,7.75,4.01,6.73,3.23
2024-02-12 19:00:00,1,353.81,3.05,22.62,49.35,9.18,4.78,7.76,3.67
2024-02-12 20:00:00,1,367.16,2.88,26.39,45.42,10.61,5.66,8.9,4.18
2024-02-12 21:00:00,1,373.84,1.96,29.13,42.2,11.32,6.18,9.57,4.56
2024-02-12 22:00:00,1,420.57,1.45,34.96,33.62,9.18,6.86,10.49,5.57
2024-02-12 23:00:00,2,500.68,0.46,44.55,20.92,9.18,7.79,11.79,7.66
2024-02-13 00:00:00,2,554.08,0.56,50.04,12.52,11.56,8.64,13.15,10.64
2024-02-13 01:00:00,2,560.76,0.81,52.09,8.58,12.28,9.15,14.12,12.79
2024-02-13 02:00:00,2,554.08,0.78,51.41,8.05,11.44,9.68,14.84,13.55
2024-02-13 03:00:00,2,554.08,0.64,50.04,9.03,10.85,10.41,15.63,13.81
2024-02-13 04:00:00,2,540.73,0.33,45.24,12.87,9.54,10.83,15.71,13.05
2024-02-13 05:00:00,2,507.35,0.09,37.7,18.95,7.51,10.82,15.07,12.03
2024-02-13 06:00:00,2,473.98,0.03,31.19,23.96,6.02,10.83,14.47,11.53
2024-02-13 07:00:00,2,440.6,0.01,26.05,29.33,5.42,10.93,14.13,10.89
2024-02-13 08:00:00,2,420.57,0.01,23.31,32.54,5.6,11.37,14.36,11.27
2024-02-13 09:00:00,2,413.89,0.01,23.31,33.26,6.14,12.22,15.23,12.41
2024-02-13 10:00:00,2,420.57,0.01,25.02,31.47,6.79,13.66,16.75,14.06
2024-02-13 11:00:00,2,440.6,0.03,27.42,27.89,7.39,15.35,18.5,15.33
2024-02-13 12:00:00,2,487.33,0.16,33.24,21.28,9.06,17.22,20.82,16.47
2024-02-13 13:00:00,2,554.08,0.96,42.16,11.62,10.97,18.59,23.21,16.97
2024-02-13 14:00:00,2,607.49,6.93,45.24,10.37,13.71,19.53,25.24,15.83
2024-02-13 15:00:00,2,634.19,16.76,45.24,17.34,15.14,20.6,27.29,12.16
2024-02-13 16:00:00,2,340.46,2.29,13.71,66.52,4.17,7.38,9.1,2.5
2024-02-13 17:00:00,2,297.07,0.99,4.88,72.24,1.33,3.3,3.88,1.85
2024-02-13 18:00:00,2,280.38,0.54,2.57,71.53,0.8,1.87,2.16,1.22
2024-02-13 19:00:00,2,277.04,0.44,2.36,69.38,0.72,1.01,1.24,0.75
2024-02-13 20:00:00,2,270.37,0.31,2.23,67.23,0.63,0.5,0.7,0.66
2024-02-13 21:00:00,2,267.03,0.15,2.06,67.23,0.57,0.5,0.67,0.66
2024-02-13 22:00:00,2,267.03,0.06,2.23,67.23,0.57,0.5,0.64,0.72
2024-02-13 23:00:00,2,263.69,0,2.42,66.52,0.56,0.5,0.64,0.75
2024-02-14 00:00:00,2,260.35,0,2.18,68.66,0.56,0.5,0.65,0.78
2024-02-14 01:00:00,2,260.35,0,1.82,70.81,0.53,0.5,0.83,0.74
2024-02-14 02:00:00,2,260.35,0,1.61,72.96,0.49,0.5,0.83,0.78
2024-02-14 03:00:00,2,257.02,0,1.35,78.68,0.45,0.5,0.82,0.79
2024-02-14 04:00:00,2,253.68,0,1.16,83.69,0.4,0.5,0.79,0.8
2024-02-14 05:00:00,2,250.34,0,0.95,85.12,0.28,0.5,0.71,0.8
2024-02-14 06:00:00,2,247,0,0.81,85.12,0.23,0.5,0.68,0.81
2024-02-14 07:00:00,2,247,0,0.71,85.12,0.2,0.5,0.68,0.82
2024-02-14 08:00:00,2,247,0,0.68,84.4,0.21,0.5,0.68,0.83
2024-02-14 09:00:00,2,247,0,0.69,84.4,0.22,0.5,0.69,0.86
2024-02-14 10:00:00,2,247,0,0.73,83.69,0.24,0.5,0.71,0.92
2024-02-14 11:00:00,2,247,0,0.89,82.97,0.31,0.5,0.78,1.03
2024-02-14 12:00:00,2,253.68,0,1.48,81.54,0.57,0.5,1.01,1.2
2024-02-14 13:00:00,2,257.02,0.01,2.16,80.82,0.78,0.5,1.19,1.31
2024-02-14 14:00:00,2,260.35,0.14,2.12,81.54,0.77,0.5,1.22,1.27
2024-02-14 15:00:00,2,257.02,0.32,1.67,82.97,0.73,0.5,1.18,1.12
2024-02-14 16:00:00,2,260.35,0.41,1.5,83.69,0.75,0.5,1.1,1.03
2024-02-14 17:00:00,2,260.35,0.51,1.61,82.97,0.84,0.5,1.06,1.11
2024-02-14 18:00:00,2,260.35,0.52,1.61,82.25,0.86,0.5,1.02,1.09
2024-02-14 19:00:00,2,260.35,0.43,1.35,82.97,0.81,0.5,0.97,0.88
2024-02-14 20:00:00,2,260.35,0.36,1.35,83.69,0.85,0.5,0.95,0.79
2024-02-14 21:00:00,2,260.35,0.31,1.65,83.69,0.97,0.5,0.96,0.83
2024-02-14 22:00:00,2,267.03,0.19,2.51,82.97,1.12,0.5,1.06,1.11
2024-02-14 23:00:00,2,277.04,0.02,3.6,81.54,1.27,0.5,1.22,1.52
2024-02-15 00:00:00,2,280.38,0,4.07,80.82,1.45,0.5,1.38,1.84
2024-02-15 01:00:00,2,287.06,0,4.54,79.39,1.73,0.57,1.67,2.31
2024-02-15 02:00:00,2,290.39,0,4.97,77.96,1.97,0.69,2.17,3.04
2024-02-15 03:00:00,2,293.73,0,5.31,76.53,2.18,0.84,2.72,3.77
2024-02-15 04:00:00,2,307.08,0,7.54,70.81,2.89,1.21,4.01,5.57
2024-02-15 05:00:00,2,323.77,0,9.51,64.37,2.98,1.61,4.85,7.92
2024-02-15 06:00:00,1,333.79,0,10.8,58.65,2.98,2.03,5.29,9.75
2024-02-15 07:00:00,1,347.14,0,12.51,54.36,3.28,2.58,6.15,10.89
2024-02-15 08:00:00,1,357.15,0,14.74,50.78,3.87,3.22,7.34,11.91
2024-02-15 09:00:00,1,370.5,0,16.79,47.92,4.59,3.9,8.79,13.05
2024-02-15 10:00:00,1,380.52,0.01,18.51,45.06,5.42,4.59,10.14,13.93
2024-02-15 11:00:00,1,390.53,0.01,20.56,43.63,7.27,5.34,11.08,13.68
2024-02-15 12:00:00,1,397.21,0.01,23.31,46.49,10.13,6.02,11.7,11.27
2024-02-15 13:00:00,1,380.52,0.02,20.74,57.22,10.25,5.99,10.35,6.71
2024-02-15 14:00:00,2,370.5,0.3,18.85,62.23,9.3,7.14,10.88,4.43
2024-02-15 15:00:00,2,350.48,0.69,18.34,62.23,8.94,9.12,12.53,3.39
2024-02-15 16:00:00,2,317.1,0.87,15.59,67.23,8.94,8.67,10.92,2.06
2024-02-15 17:00:00,2,303.75,0.91,11.82,72.24,6.68,6.94,8.25,1.63
2024-02-15 18:00:00,2,297.07,0.69,9.25,76.53,4.05,5.71,6.55,1.41
2024-02-15 19:00:00,2,303.75,0.5,10.71,74.39,3.58,5.84,6.53,1.35
2024-02-15 20:00:00,2,300.41,0.4,10.63,75.1,3.07,4.6,5.04,1.03
2024-02-15 21:00:00,2,283.72,0.15,7.71,77.96,2.41,3.22,3.52,0.89
2024-02-15 22:00:00,2,287.06,0.05,7.8,77.96,2.41,2.8,3.12,1.01
2024-02-15 23:00:00,2,300.41,0,9.51,75.82,3.1,2.82,3.43,1.46
2024-02-16 00:00:00,2,313.76,0,12,71.53,4.35,3.15,4.66,1.95
2024-02-16 01:00:00,2,330.45,0,15.08,63.66,6.02,3.83,6.33,2.47
2024-02-16 02:00:00,1,353.81,0,17.82,55.79,5.84,5.23,6.99,2.28
2024-02-16 03:00:00,2,330.45,0,13.2,62.23,2.95,4.43,5.2,1.47
2024-02-16 04:00:00,2,270.37,0,3.51,67.95,0.75,0.68,1.05,0.76
2024-02-16 05:00:00,2,253.68,0,1.56,64.37,0.39,0.5,0.71,0.59
